23Na,24Mg,27Al,28Si,39K,44Ca,48Ti,51V,52Cr,54Fe,55Mn,59Co,60Ni,63Cu,66Zn,75As,88Sr,90Zr,93Nb,98Mo,111Cd,120Sn,121Sb,138Ba,139La,140Ce,184W,205Tl,208Pb,embedding
,,,,,,,,,,,,,,,,,,,,,,,,,,,,2.446707636395102e-16,268435456
,,,,,,,,,,1.8942123083538268e-15,,,,,,,,,,,,,1.890583582923424e-16,,,,,,8389632
,,2.9611176640033847e-16,,,,,,,,,,,,,,,,,,,,,,,,,,,4
,,2.951683737060136e-16,,,,,,,,,,,,,,,,,,,,,,,,,,,4
,,,,,4.5074910805699425e-15,,,,,,,,,,,,,,,,,,,,,,,,32
,,,,,,,,,,,,,,,,,,,,,,,,,,,,1.131954455625814e-16,268435456
,,,,,,,,,,,,,,,,,,,,,,,,,,,,1.0432710642708932e-16,268435456
,,,,,,,,,,,,,,,,,,,,,,,,,,,,8.529891251563334e-17,268435456
,,,,,,,,,,,,,,,,,,,,,,,,,,,,7.186724948095283e-17,268435456
,,,,,,,,,,,,,,,,,,,,,,,,,,,,8.572941542296133e-17,268435456
,,4.67808908279361e-16,,,,,,,,,,,,,,,,,,,,,,,,,,,4
,,,,,,,,3.118683493964691e-16,,,,,,,,,,,,,,,,,,,,,256
,,,,,,,,,,,,,,,,,,,,,,,,,,,,9.700857083949e-17,268435456
,,,5.454480408414209e-15,,,,,,,,,,,,,,,,,,,,,,,,,,8
,,,,,,,,,2.507773041566519e-15,,,,,,,,,,,,,,,,,,,,512
,,3.998847606295485e-16,,,,,,,,,,,,,,,,,,,,,,,,,,,4
,,6.269274556323985e-16,,,,,,,,,,,,,,,,,,,,,,,,,,,4
,,3.115204884726632e-16,,,,,,,,,,,,,,,,,,,,,,,,,,,4
,,,,,,,,3.043058823535761e-16,,,,,,,,,,,,,,,,,,,,,256
,,,,,,,,,,,,,,,,,,,,,,,,,,,,9.373675566228535e-17,268435456
1.8244410953578888e-15,,,,,,,,,,,,,,,,,,,,,,,,,,,,,1
,,3.086903103896878e-16,,,,,,,,,,,,,,,,,,,,,,,,,,,4
,,,,,,,,,,1.545443460837194e-16,,,,,,,,,,,,,,,,,,,1024
,,,,,,,,,,,,,,,,,,,,,,,,,,,,8.960393467042498e-17,268435456
,,,,,,,,,,,,,,,,,,,,,,,,,,,,9.976378252790098e-17,268435456
,,,,,,,,,,,,,,,,,,,,,,,,,,,,2.623213482475162e-16,268435456
,,2.6403649059824207e-16,,,,2.6423668898880085e-16,,,,1.3393298718105083e-16,,,,,,,9.351333816716731e-17,,,,,,,,,,,3.771793163679771e-16,268567620
,,,,,,2.246349822025011e-16,,,,,,,,,,,,,,,,,,,,,,,64
,,,,,,,,,,,,,,,,,,,,,,,,,,,,1.2085839039453113e-16,268435456
,,,,,,,,,,,,,,,,,,,,,,,,,,,,7.866918157975867e-17,268435456
,,8.90762465713925e-16,,,,,,,,,,,,,,,,,,,,,,,,,,,4
,,,,,,,,,,,,,,,,,,,,,,,,,,,,9.227304577737034e-17,268435456
,,2.602629198209419e-16,,,,,,,,,,,,6.453046252301113e-16,,,,,,,,,,,,,,,16388
,,,,,,,,,,,,,,,,,,,,,,,,,,,,1.116456420146888e-16,268435456
1.878263110844207e-15,,,,,,,,,,,,,,,,,,,,,,,,,,,,,1
,,5.190664516627619e-16,,,,,,,,,,,,,,,,,,,,,,,,,,,4
,,,,,,,,,,,,,,,,,,,,,,,,,,,,1.664916017124634e-16,268435456
,7.564858739423537e-16,5.876195530437768e-16,,,,,,,,,,,,,,,,,,,,,,,,,,,6
,,,5.2513645902526455e-15,,,,,,,,,,,,,,,,,,,,,,,,,,8
1.7779920853084233e-15,,,,,,,,,,,,,,,,,,,,,,,,,,,,,1
,,,,,4.489235165249641e-15,,,,,,,,,,,,,,,,,,,,,,,,32
,,,,,,,,,,,,,,,,,,,,,,,,,,,,1.1474525602896212e-16,268435456
,,,,,,,,,,1.903977213333917e-16,,,,,,,,,,,,,,,,,,,1024
,,,,,,,,,,,,,,,,,,,2.6756083840585908e-15,,,,,,,,,,524288
,,,,,,,,,,,,,,,,,,,,,,,,,,,,8.306030431601583e-17,268435456
,,,,,,,,,,,,,,,,,,,,,,1.2436517090887199e-16,,,,,,,4194304
,,2.423384838970835e-16,,,,,,,,,,,,,,,,,,,,,,,,,,,4
,,2.970128795104962e-14,,,,,,,4.5952751224425186e-15,1.448448773399054e-16,,,,,,,,,,,,,,,,,,2.6567927784316287e-16,268436996
,,,,,,3.443611241169372e-16,,,,,,,,,,,,,,,,,,,,,,,64
,,,,,,,,,,,,,,,,,,,,,,,,,,,,1.1801707812465448e-16,268435456
,,,,,,,,,,,,,,,,,,,,,,,,,,,,2.6163254359579225e-16,268435456
,,,,,,,,,,,,,,,,,,,,,,,,,,,,7.651667396160684e-17,268435456
,,,,,,7.087584171077084e-16,,,,,,,,,,,,,,,,,,,,,,,64
,,,,,,,,,,,,,,,,,,,,,,,,,,,,1.4944372809320325e-16,268435456
,,,6.0444754155353715e-15,,,,,,,,,,,,,,,,,,,,,,,,,,8
,,,5.301926266110803e-15,,,,,,,,,,,,,,,,,,,,,,,,,,8
,,,5.7626120646161896e-15,,,,,,,,,,,,,,,,,,,,,,,,,,8
,,,,,,,,,,,,,,,,,,,,,,,,,,,,6.850933372228268e-17,268435456
,,,,,,,,,,,,,,,,,,,,,1.2448287238801037e-15,,,,,,,,2097152
,,,,,,,,,,,,,,,,,,,,,,,,,,,,9.933327962057298e-17,268435456
,,,,,,,,,,,,,,,,,,,,,,,,,,,,1.7871785660662626e-16,268435456
,,,,,,,,,,,,,,,,,,,,,,,,,,,,1.291240185412762e-16,268435456
,,,,,,,,,,,,,,,,,,,,,,,,,,,,8.090779669786403e-17,268435456
,,5.423367542528088e-16,,,,,,,,,,,,,,,,,,,,,,,,,,,4
,,3.149795950185216e-16,,,,,,,,,,,,,,,,,,,,,,,,,,,4
,,7.781844730043462e-16,,,,,,,,,,,,,,,,,,,,,,,,,,,4
,,,,,,,,,,,,,,,,,,,,,,,,,,,,8.882902943723465e-17,268435456
,,,,4.6657702104069803e-14,,,,,,,,,,,,,,,,,,,,,,,,,16
,,,,,,,,,,,,,,,,,,,,,,,,,,,,8.598771716735799e-17,268435456
1.9844324459394447e-15,,,,,,,,,,,,,,,,,,,,,,,,,,,,,1
,,,,,,,,,,,,,,,,,,,,,,,,,,,,7.582786930988204e-17,268435456
,,,,,4.770900672901692e-15,,,,,,,,,,,,,,,,,,,,,,,,32
,,,,,,,,,,,,,,,,,,,,,,,,,,4.8300367036282944e-15,,,67108864
,,,,,,,,,,,,,,,,,,,,,,,,,,,,9.511436496573485e-17,268435456
,,,,,,,,,,,,,,2.395180281028126e-15,,,,,,,,,,,,,,2.3906373112774847e-15,268451840
,,2.637220263668002e-16,,,,,,,,,,,,,,,,,,,,,,,,,,,4
,,,,,,,,,,,,,,,,,,,,,,,,,,,,1.0114139183135034e-16,268435456
,,,,,,,,,,,,,,,,,,,,,,,,,,,,3.4256695180368897e-16,268435456
2.0087629136284673e-15,,,,,,,,,,,,,,,,,,,,,,,,,,,,,1
,,,,,,,,,,,,,,,,,,,,,,,,,,,,1.1681166998413627e-16,268435456
,,,,,,,,,,,,,,6.485346744403892e-16,,,,,,,,,,,,,,,16384
,,,,,,,,,,,,,,,,,,,,,,,,,,,,2.0704489947938985e-16,268435456
,,,,,,,,,,,,,,,,,,,,,,,,,,,,5.146816889844725e-16,268435456
1.947568129680347e-15,,,,,,,,,,,,,,,,,,,,,,,,,,,,,1
,,,,,,,,,,,,,,,,,,,,,,,,,,,,8.650432065615166e-17,268435456
,,,,,,,,,,,,,,,,,,,,,,,,,,,,1.0458540817148613e-16,268435456
,,,,,4.723956351771851e-15,,,,,,,,,,,,,,,,,,,,,,,,32
,,,,,,,,,,,,,,,,,,,,,,,,,,,,1.0208849822747186e-16,268435456
,,,,,,,,,,,,,,,,,,,,,,,,,,,,6.713173133732106e-17,268435456
,,,,,,,,,,,,,,,,,,,,,,,,,,,,9.571706211750613e-17,268435456
,,,,,,,,,,,,,,,,,,,,,,,,,,,,9.502826438426921e-17,268435456
,,,,,,,,,,1.3497220354856528e-16,,,,,,,,,,,,,,,,,,,1024
,,,,,,,,,,,,,,,,,,,,,,,,,,,,6.962864128133536e-17,268435456
,,,5.429083608822543e-15,,,,,,,,,,,,,,,,,,,,,,,,,,8
,,,5.607500788330162e-15,,,,,,,,,,,,,,,,,,,,,,,,,,8
,,,,,4.86218108775737e-15,,,,,,,,,,,,,,,,,,,,,,,,32
,,2.0190578034414015e-15,,,,,,,,,,,,,,,,,,,,,,,,,,,4
,6.171881012273748e-15,1.9280601573992202e-13,,,5.336839077355892e-15,1.4140804662330586e-14,,6.292221584480392e-16,4.3147670144901255e-15,1.0744345024479334e-15,,,1.4559351036171626e-15,1.0765153512779437e-15,,,,,,,,,,,3.964535445427786e-17,,,,33580902
,,,,,,,,,,,,,,,,,,,,,,,,,,,,8.62460189117548e-17,268435456
,,3.140362023241968e-16,,,,,,,,,,,,,,,,,,,,,,,,,,,4
1.828127479588778e-15,,,,,,,,,,,,,,,,,,,,,,,,,,,,,1
,,,,,,,,,,,,,,,,,,,,,,,,,1.0396556512964011e-16,,,,33554432
,,,,,,,,,,,,,,,,,,,,,,,,,,,,2.1737694158130963e-16,268435456
1.7743054641024596e-15,,,,,,,,,,,,,,,,,,,,,,,,,,,,,1
,,,,,,,,,,,,,,,,,,,,,,,,,,,,9.726687258388665e-17,268435456
,,,,,,,,,,,,,,,,,,,,,,,,,,,,1.0742672044136265e-16,268435456
,,,,,,,,,2.64693994014633e-15,,,,,,,,,,,,,,,,,,,,512
,,5.785000650636525e-16,,,,,,,,,,,,,,,,,,,,,,,,,,,4
,,2.3573476030512693e-16,,,,,,,,,,,,,,,,,,,,,,,,,,1.5900087188042119e-16,268435460
,,,,,,1.9148004395409683e-16,,,,,,,,,,,,,,,,,,,,,,,64
,,2.445397335171755e-16,,,,,,,,,,,,,,,,,,,,,,,,,,,4
,,,,,,,,,,,,,,,,,,,,,,,,,,,,8.951783408895934e-17,268435456
,,2.989419444833139e-16,,,,,,,,,,,,,,,,,,,,,,,,,,,4
,,,5.736227797670851e-15,,,,,,,,,,,,,,,,,,,,,,,,,,8
,,,,,5.2585989612665005e-15,,,,,,,,,,,,,,,,,,,,,,,,32
,,,,,,,,,,,,,,,,,,,,,,,,,,,,8.969003525189051e-17,268435456
,,,,,,,,,,,,,,,,,,,,,,,,,,,,1.100958315483081e-16,268435456
2.3132626114417813e-15,,,,,,,,,,,,,,,,,,,,,,,,,,,,,1
,,,,,,,,,,,,,,,,,,,,,,,,,,,,6.833713255935152e-17,268435456
,,,,,,,,,,,,,,,,,,,,,,,,,,,,6.652902726706202e-17,268435456
,,,,,,,,,,,,,,,,,,,,,,,,,3.194780455647668e-17,,,,33554432
,,1.6778648451084044e-15,,,,6.20652247407877e-16,,,,,,,,,,,,,,,,,,,,,,,68
,,1.7470467738790309e-15,,,,,,,,,,,,,,,,,,,,,,,,,,,4
,,2.9882346948891236e-15,,,,,,,,,,,,,,,,,,,,,1.3128696474378696e-16,,,,,6.987643308856072e-16,276824068
,,,,,,1.8963809951421313e-16,,,,,,,,,,,,,,,,,,,,,,,64
,,,,,,,,2.862099705463451e-16,,,,,,,,,,,,,,,,,,,,,256
,,,5.508586685608664e-15,,,,,,,,,,,,,,,,,,,,,,,,,,8
,1.1464764661898997e-15,8.08443177069584e-15,,,,,,,,,,,,,,,,,,,,,1.3533958573621277e-16,,,,,1.2275258934979826e-16,276824070
,,,,,,,,,,,,,,,,,,,,,,,,,,,,1.8087037806175377e-16,268435456
,,1.122207634688634e-15,,,,,,,,,,,,,,,,,,,,,,,,,,,4
,,,,,,,,,,,,,,,,,,,,,,,,,,,,9.261744810323278e-17,268435456
,,5.539719055478375e-16,,,,,,,,,,,,,,,,,,,,,,,,,,,4
,,,5.896511920493878e-15,,,,,,,,,,,,,,,,,,,,,,,,,,8
,,,,,,,,,,,,,,,,,,,,,,,,,,,,7.806648442798739e-17,268435456
,,,,,,,,,,,,,,,,,,,,,,,,,,,,7.651667396160684e-17,268435456
,,7.146628498630388e-16,,,,,,,,,,,,,,,,,,,,,,,,,,,4
,,,,,,,,,,,,,,,,,,,,,,,,,,,,8.581551600442685e-17,268435456
,,,,,,,,,,,,,,,,,,,,,,,,,,,,1.1250664091085678e-16,268435456
,,,,,,,,,,1.0518099800348193e-16,,,,,,,,,,,,,,,,,,,1024
,,,,,4.864788896034378e-15,,,,,,,,,,,,,,,,,,,,,,,,32
,,,,,,,,,,,,,,,,,,,,,,,,,,,,1.8526148696103517e-16,268435456
,,,,,,,,,,,,,,,,,,,,,,,,,,,,1.9464644342229568e-16,268435456
,,,,,,,,,,,,,,,,,,,,,,,,,,,,7.806648442798739e-17,268435456
,,,,,,,,,,,,,,,,,,1.0566876809190352e-16,,,,,,,,,,,262144
,,6.316444443723408e-16,,,,,,,,,,,,,,,,,,,,,,,,,,,4
,,,,,,,,,,,,,,,,,,,,,,,,,,,,7.6688875124538e-17,268435456
,,,,,,,,,,,,,,,,,,,,,,,,,4.382029743805375e-17,,,,33554432
,,,,,,2.482732198454076e-16,,,,,,,,,,,,,,,,,,,,,,,64
,,,,,,,,,,,,,,6.461121375326813e-16,,,,,,,,,,,,,,,16384
,,3.2495539911191146e-15,,,,,,,,,,,,,,,,,,,,,,,,,,,4
,,,,,,,,,,,,,,,,,,,,,,,,,,,,1.4023097279487415e-16,268435456
,,,,,,,,,,,,,,,,,,,,,,,,,,,,8.564331484149569e-17,268435456
,,,,,,,,,,,,,,,,,,,,,,,,,,,,7.634447279867568e-17,268435456
,,,,,,,,,,,,,,,,,,,,,,,,,,,,7.126454541069369e-17,268435456
,,,,,,,,,,,,,,,,,,,,,,,,,,,,1.7639314782554253e-16,268435456
,,2.9579730216889697e-16,,,,,,,,,,,,,,,,,,,,,,,,,,,4
,,,,,,1.902520809941742e-16,,,,,,,,,,,,,,,,,,,,,,,64
,,,5.380731181959206e-15,,,,,,,,,,,,,,,,,,,,,,,,,,8
,,,5.511899363619889e-15,,,,,,,,,,,,,,,,,,,,,,,,,,8
,,1.0435917284381232e-15,,,,,,,,,,,,,,,,,,,,,,,,,,,4
,,,,,,,,2.808081928709913e-16,,,,,,,,,,,,,,,,,,,,,256
,,3.827537884019738e-15,,,,,,,,,,,,,,,,,,,,,,,,,,8.306030431601583e-17,268435460
,,2.860489362625231e-16,,,,,,,,,,,,,,,,,,,,,,,,,,,4
,,,,,,,,,,,,,,,,,,,,,,,,,,,,1.760487454996799e-16,268435456
,,,5.2790280219299195e-15,,,,,,,,,,,,,,,,,,,,,,,,,,8
,,2.935960525488049e-16,,,,,,,,,,,,,,,,,,,,,,,,,,,4
,,3.278726032393125e-16,,,,,,,,,,,,,,,,,,,,,,,,,,,4
,,,,,,,,,,,,,,,,,,,,,,,,,,,,7.513906465815735e-17,268435456
,,,,,,,,,,,,,,,,,,,,,,,,,,,,2.6421557487673574e-16,268435456
,,,,,,,,,,,,,,7.204031395961095e-16,,,,,,,,,,,,,,1.3644256104736344e-16,268451840
,,5.498838958074105e-16,,,,,,,,,,,,,,,,,,,,,,,,,,,4
,,5.28500378606015e-16,,,,,,,,,,,,,,,,,,,,,,,,,,,4
,,,,,,,,,,,,,,,,,,,,,,,,,,,,9.304795101056069e-17,268435456
,,1.5615133321581682e-15,,,,,,,3.2797140034976695e-15,,,,,,,,,,,,,,,,,,,4.369329953723147e-16,268435972
,,,,,,,,,,,,,,,,,,,,,,,,,,,,6.919813837400737e-17,268435456
,,2.363636887680103e-16,,,,,,,,,,,,,,,,,,,,,,,,,,,4
,,,,,,,,,,,,,,,,,,,,,,,,,,,,1.0303559770510546e-16,268435456
,,,5.411300828087963e-15,,,,,,,,,,,,,,,,,,,,,,,,,,8
,,,,4.606779351897291e-14,,,,,,,,,,,,,,,,,,,,,,,,,16
,,2.520868498034574e-16,,,,,,,,,,,,,,,,,,,,,,,,,,,4
,,,,,,,,,,,,,,,,,,,,,,,,,,,,1.2490511080492594e-16,268435456
,,,,,,,,,,,,,,,,,,,,,2.5916298019616978e-15,,,,,,,,2097152
,,,,4.7711110291742714e-14,,,,,,,,,,,,,,,,,,,,,,,,,16
,,,,,,,,,,,,,,,,,,,,,,,,,,,,8.598771716735799e-17,268435456
,,,,4.737401967168739e-14,,,,,,,,,,,,,,,,,,,,,,,,,16
,,,,,,,,,,,,,,,,,,,,,,,,,,,,7.074794884038804e-17,268435456
,,,,,,,,,,,,,,,,,,,,,,,,,,,,7.290045645853986e-17,268435456
,,1.1542829357590504e-15,,,,,,,,,,,,,,,,,,,,,,,,,,,4
,,,,,5.003013632019898e-15,,,,,,,,,,,,,,,,,,,,,,,,32
,,,,,,,,,,,,,,1.2775854604123604e-15,,,,,,,,,,,,,,3.131205944533843e-16,268451840
,,,,,,,,,,,,,,8.972479445399305e-16,,,,,,,,,,,,,,3.118291064868637e-16,268451840
,,,,,,,,,,,,,,,,,,,,,,,,,,,,9.976378252790098e-17,268435456
,,5.212677265511735e-16,,,,,,,,,,,,,,,,,,,,,,,,,,,4
,,,,,,,,,,,,,,,,,,,,,,,,,,,,1.562456532735216e-16,268435456
,,,,,5.336839077355892e-15,,,,,,,,,,,,,,,,,,,,,,,,32
,,,,5.044996480808488e-14,,,,,,,,,,,,,,,,,,,,,,,,,16
,,,,,4.4657627951212e-15,,,,,,,,,,,,,,,,,,,,,,,,32
,,,6.184535585303823e-15,,,,,,,,,,,,,,,,,,,,,,,,,,8
,,,5.665558130420657e-15,,,,,,,,,,,,,,,,,,,,,,,,,,8
,,2.495711612202426e-16,,,,,,,,,,,,,,,,,,,,,,,,,,,4
5.695936508491209e-15,,3.0357187180318624e-15,,,,,,,,1.6320457062473567e-16,,,,,,,,,,,,,,,,,,,1029
,,,,,,,,,,,,,,,,,,,,,,,,,,,,7.203945064388401e-17,268435456
,,8.690644590127645e-16,,,,,,,,4.496851625270647e-16,,,,,,,,,,,,,,,,,,,1028
,,2.7598610612470767e-16,,,,,,,,1.2423351843723692e-16,,,,,,,,,,,,,,,,,,,1028
,,1.2957915872246266e-15,,,,,,,,,,,,,,,,,,,,,,,,,,,4
,,2.8793572165117367e-16,,,,,,,,,,,,,,,,,,,,,,,,,,,4
,,1.9866680634078613e-15,,,,,,,,,,,,,,,,,,,,,,,,,,,4
,,,,,,,,,,,,,,,,,,,,,,,,,,,,1.5521244629593514e-16,268435456
,,,,,,,,,,,,,,,,,,,,,,,,,,,,1.5194063803721821e-16,268435456
,,3.027154899922955e-16,,,,,,,,,,,,,,,,,,,,,,,,,,,4
,,,5.4440199491585454e-15,,,,,,,,,,,,,,,,,,,,,,,,,,8
,,,,,,,,,,,,,,,,,,,,,,,,,,,,1.2042788056871525e-16,268435456
,,,,,,,,,,,,,,,,,,,,,,,,,,,,6.859543430374834e-17,268435456
,,1.0731513156570042e-15,,,,5.960930375450282e-16,,,,,,,,,,,,,,,,,,,,,,1.2731591324898676e-16,268435524
,,,,,,,,,,,,,,,,,,,,,,,,,,,,1.7785685079196965e-16,268435456
,,,,,,,,,,6.795277734766012e-16,,,,,,,,,,,,,,,,,,,1024
,,,,,,,,,,1.269889509799878e-14,,,,,,,,,,,,,,,,,,8.082169611639837e-17,268436480
,,,,,,,,,,,,,,,,,,,,,,,,,,,,1.2783251673778022e-16,268435456
,,,,,,,,,,,,,,,,,,,,,,,,,,,,7.023134535159452e-17,268435456
,,3.8101693201136534e-16,,,,,,,,,,,,,,,,,,,,,,,,,,,4
,,,,,,,,,,9.52543859150739e-15,,,,,,,,,,,,,,,,,,,1024
,,,,,,,,,,,,,,,,1.0397269048854225e-16,,,,,,,4.9286081759519156e-17,1.041520281228096e-16,2.237342368987639e-16,,,,58785792
,,,,,,,,,,,,,,,,,,,,,,,,,,,,1.114734408517575e-16,268435456
,,2.2275473109357426e-15,,,,2.1757419518294884e-16,,,,,,,,,,,,,,,,,,,,,,,68
,,,,,4.397954750394006e-15,,,,,,,,,,,,,,,,,,,,,,,,32
,,,,,,,,,,,,,,,,,,,,,,,,,,,,1.0071088892402247e-16,268435456
,,2.8227536548522274e-16,,,,,,,,,,,,,,,,,,,,,,,,,,,4
,,,,,,,,,,,,,,,,,1.4920541450881684e-16,,,,,,,,,,,,131072
,,,,,,6.160474109759671e-16,,,,,,,,,,,,,,,,,,,,,,,64
,,,,,,,,,,,,,,,,,,,,,,,,,,,,1.4686071064923642e-16,268435456
,,7.873039104478342e-16,,,,,,,,,,,,,,,,,,,,,,,,,,,4
,,,5.554962982283501e-15,,,,,,,,,,,,,,,,,,,,,,,,,,8
,,,,,4.562259664784973e-15,,,,,,,,,,,,,,,,,,,,,,,,32
,,3.483127277463851e-16,,,,,,,,,,,,,,,,,,,,,,,,,,,4
,,3.009303823664037e-15,,,,,,,,,,,,,,,,,,,,,,,,,,8.495451710825887e-17,268435460
,,,,,,,,,,,,,,,,,,,,,,,,,,,,7.160894773655603e-17,268435456
,,,,,4.7839405525409384e-15,,,,,,,,,,,,,,,,,,,,,,,,32
,,,,,,,,,,,,,,,,,,,,,,,,,,,,1.665777092124166e-16,268435456
,,2.8164643702233935e-16,,,,,,,,,,,,,,,,,,,,,,,,,,,4
2.1694914936611896e-15,,,,,,,,,,,,,,,,,,,,,,,,,,,,,1
,,2.4736991160015103e-16,,,,,,,,,,,,,,,,,,,,,,,,,,,4
,,,,,,,,,,,,,,,,,,,,,,,,,,,,9.855838130587052e-17,268435456
,,9.567998027067685e-16,,,,,,,,,,,,,,,,,,,,,,,,,,,4
,,1.3501937729224461e-15,,,,8.119071083987915e-16,,,,,,,,,,,,,,,,,,,,,,2.2977539763840244e-16,268435524
,,,,,,,,,,,,,,,,,,,,,,,,,,,,1.316209423222661e-16,268435456
1.833288559697077e-15,,,,,,,,,,,,,,,,,,,,,,,,,,,,,1
,,,,,,,,,,,,,,,,,,,,,,,,,,,,7.884138274268982e-17,268435456
,,2.586905986637332e-16,,,,,,,,,,,,,,,,,,,,,,,,,,,4
,,,,,,,,,,,,,,,,,,,,,,,,,,,,7.961628797588017e-17,268435456
,,,5.707924783627609e-15,,,,,,,,,,,,,,,,,,,,,,,,,,8
,,,5.3882280436726e-15,,,,,,,,,,,,,,,,,,,,,,,,,,8
,,,5.414148463967602e-15,,,,,,,,,,,,,,,,,,,,,,,,,,8
,,,6.692819462125097e-15,,,,,,,,,,,,,,,,,,,,,,,,,,8
,,,7.196686036437882e-15,,,,,,,,,,,,,,,,,,,,,,,,,,8
,,,7.346219198108323e-15,,,,,,,,,,,,,,,,,,,,,,,,,,8
,,,5.451226308974925e-15,,,,,,,,,,,,,,,,,,,,,,,,,,8
,,,8.249053665836974e-15,,,,,,,,,,,,,,,,,,,,,,,,,,8
,,,6.567578475549052e-15,,,,,,,,,,,,,,,,,,,,,,,,,,8
,,,6.425136907513413e-15,,,,,,,,,,,,,,,,,,,,,,,,,,8
,,,6.445651362465095e-15,,,,,,,,,,,,,,,,,,,,,,,,,,8
,,,6.185000627435314e-15,,,,,,,,,,,,,,,,,,,,,,,,,,8
,,,6.2825769868531236e-15,,,,,,,,,,,,,,,,,,,,,,,,,,8
,,,5.560135828820594e-15,,,,,,,,,,,,,,,,,,,,,,,,,,8
,,,6.865773293198706e-15,,,,,,,,,,,,,,,,,,,,,,,,,,8
,,,1.0869974931248511e-14,,,,,,,,,,,,,,,,,,,,,,,,,,8
,,,1.3732078522663665e-14,,,,,,,,,,,,,,,,,,,,,,,,,,8
,,,1.1199900207134011e-14,,,,,,,,,,,,,,,,,,,,,,,,,,8
,,,6.465468851960116e-15,,,,,,,,,,,,,,,,,,,,,,,,,,8
,,,5.409905701693492e-15,,,,,,,,,,,,,,,,,,,,,,,,,,8
,,,5.746688256926419e-15,,,,,,,,,,,,,,,,,,,,,,,,,,8
,,,6.41118803453118e-15,,,,,,,,,,,,,,,,,,,,,,,,,,8
,,,6.200459392993593e-15,,,,,,,,,,,,,,,,,,,,,,,,,,8
,,,,,,,,,,,,8.182943955153749e-16,,,,,,,,,,,,,,,,,4096
,,,5.684737233030769e-15,,,,,,,,,,,,,,,,,,,,,,,,,,8
,,2.838476866424314e-16,,,,,,,,,,,,,,,,,,,,,,,,,,,4
,,,,,,,,,,,,,,,,,,,,,,,,,,,,7.823867867243067e-17,268435456
,,,,,,,,,,,,,,,,,,,,,,,,,,,,7.815257809096517e-17,268435456
,,,,,,,,,,,,,,,,,,,,,,,,,,,,1.4246958791297835e-16,268435456
,,3.1812421206461974e-16,,,,,,,,,,,,,,,,,,,,,,,,,,,4
,,,5.640626372960484e-15,,,,,,,,,,,,,,,,,,,,,,,,,,8
,,,,,,,,,,,,,,,,,,,,,,,,,,,,7.686107628746918e-17,268435456
,,,,,,,,,,,,,2.10993384990164e-16,,,,,,,,,,,,,,,,8192
,,,,,,,,,,,,,,,,,,,,,,,,,,,,2.3718003380746796e-16,268435456
,,,,,,,,,,,,,,,,,,,,,,,,,,,,7.858308099829301e-17,268435456
,,,,,,,,,,,,7.919976588524858e-16,,,,,,,,,,,,,,,,,4096
,,2.4202401966564205e-16,,,,,,,,,,,,,,,,,,,,,,,,,,,4
,,,,,,,,,,,,,,,,,,,,,,,,,,,,7.34170599473334e-17,268435456
,,,,,,,,,,,,,,,,,,,,,,,,,,,,8.392131013067182e-17,268435456
,,,,,,,,,,,,,,,,,,,,,,,,,,,,1.5633176077347484e-16,268435456
,9.013069391445348e-16,,,,,,,,,,,,,,,,,,,,,,,,,,,,2
,,,,,6.0566507439658595e-15,,,,,,,,,,,,,,,,,,,,,,,,32
,,9.829002581114698e-16,,,,,,,,,,,,,,,,,,,,,,,,,,,4
,,,,,,,,,,,,,,,,,,,,,,,,,,,,6.885373604814502e-17,268435456
,,2.9108033869727133e-16,,,,,,,,,,,,,,,1.5937827821538054e-16,,,,,,,,,,,,131076
,,,,,,,,,,,,,,,,,,,,,,,,,,,,4.100696693029533e-16,268435456
,,,,,,,,,,,,,,,,,,,,,,,,,,,,7.625837221721001e-17,268435456
,,,,,,,,2.91611726519097e-16,,,,,,,,,,,,,,,,,,,,,256
,,,,,,,,,,,,,,,,,,,,,,,,,,,,6.739003308171789e-17,268435456
,,,,,,,,,,,,,,,,,,,,,,,,,,,,6.919813837400737e-17,268435456
,,,,,,,,,,,,,,,,,,,,,,,,,,,,8.805413112253219e-17,268435456
,,5.95166644061742e-16,,,,,,,,,,,,,,,,,,,,,,,,,,7.126454541069369e-17,268435460
,,,,,,,,,,,,,,,,,,,,,,,,,,,,1.1706996481004508e-16,268435456
,,2.4548312621150085e-16,,,,,,,,,,,,,,,,,,,,,,,,,,,4
,,,,,,,,,,,,,,,,,,,,,,,,,,,,7.169504831802168e-17,268435456
,,2.5177238557201553e-16,,,,,,,,,,,,,,,,,,,,,,,,,,,4
,,1.6895000974767055e-15,,,,,,,,,,,,,,,,,,,,,,,,,,,4
,,,,,4.609203566787777e-15,,,,,,,,,,,,,,,,,,,,,,,,32
,,,,,,,,,,,,,,,,,,,,,,,,,,,,2.556916380671056e-16,268435456
,,,,,5.094294046875532e-15,,,,,,,,,,,,,,,,,,,,,,,,32
,,1.7624555970246301e-15,,,,,,,,,,,,,,,,,,,,,,,,,,7.2469953551212e-17,268435460
,,2.35420296073685e-16,,,,,,,,,,,,,,,,,,,,,,,,,,,4
,,,,,,,,,,,,,,,,,,,,,,,,,,,,1.0200239764600633e-16,268435456
,,,,,,,,,,,,,,,,,,,,,,,,,,,,8.280200257161916e-17,268435456
,,3.835326458628988e-16,,,,,,,,,,,,,,,,,,,,,,,,,,,4
,,,,,,,,,,,,,,,,,,,,,,,,,,,,1.0277729596070879e-16,268435456
,,,,,,,,,,,,,,,,,,,,,,,,,,,,1.0277729596070879e-16,268435456
,,,,,,,,,,,,,,,,,,,,,,,,,,,,6.988694302573218e-17,268435456
,,,,,,,,,,,,,,,,,2.371402777239238e-16,,,,,,,,,,,,131072
,,,,,,,,,,1.1661251026373499e-16,,,,,,,,,,,,,,,,,,,1024
,,,,,,,,,,,,,,,,,,,,,,,,,,,,8.925953234456266e-17,268435456
,,,,,,,,,,,,,,,,,,,,,,,,,,,,9.115374513680552e-17,268435456
,,,,,,,,2.978237708457537e-16,,,,,,,,,,,,,,,,,,,,,256
,,,,,,,,,,,,,,,,,,,,,,,,,,,,8.572941542296133e-17,268435456
1.7912631633296798e-15,,,,,,,,,,,,,,,,,,,,,,,,,,,,,1
,,,5.486443985456379e-15,,,,,,,,,,,,,,,,,,,,,,,,,,8
,,,5.381370764325176e-15,,,,,,,,,,,,,,,,,,,,,,,,,,8
,,9.432779165597297e-16,,,,,,,,,,,,,,,,,,,,,,,,,,1.7329354072975694e-16,268435460
,,,,,,,,,,,,,,,,,,,,,,,,,,,,1.7372403671859763e-16,268435456
,,3.8793514510308256e-16,,,,,,,,,,,,,,,,,,,,,,,,,,,4
,,,5.289547059757428e-15,,,,,,,,,,,,,,,,,,,,,,,,,,8
,,3.256713536192209e-16,,,,,,,,,,,,,,,,,,,,,,,,,,,4
,,,,,5.169926354687873e-15,,,,,,,,,,,,,,,,,,,,,,,,32
,,,,,5.000405404615851e-15,,,,,,,,,,,,,,,,,,,,,,,,32
,,,,,,,,,,,,,,,,,,,,,,,,,,,,9.795567723561148e-17,268435456
,,,5.416821559612857e-15,,,,,,,,,,,,,,,,,,,,,,,,,,8
,,,6.451056132327358e-15,,,,,,,,,,,,,,,,,,,,,,,,,,8
,,,6.240268912218017e-15,,,,,,,,,,,,,,,,,,,,,,,,,,8
,,2.505145539145679e-16,,,,,,,,,,,,,,,,,,,,,,,,,,,4
,,,5.57611821508221e-15,,,,,,,,,,,,,,,,,,,,,,,,,,8
,,,,,4.919557061122369e-15,,,,,,,,,,,,,,,,,,,,,,,,32
,,3.017721225662893e-16,,,,,,,,,,,,,,,,,,,,,,,,,,,4
,,,,,,,,,,,,,,,,,,,,,,1.3258834577618214e-16,,,,,,,4194304
,,,,,,,,,,,,,,,,,,,,,,,,,,,,1.0553251456760765e-16,268435456
,8.420101041227995e-16,,,,,,,,,,,,,,,,,,,,,,,,,,,,2
,,1.206483947641736e-15,,,,,,,,,,,,7.381683453661536e-16,,,,,,,,,,,,,,1.2163328870923343e-16,268451844
1.8708901054073424e-15,,,,,,,,,,,,,,,,,,,,,,,,,,,,,1
,,,,,,,,,,,,,,6.95370258216453e-16,,,,,,,,,,,,,,,16384
,,4.020860102496401e-16,,,,,,,,,,,,,,,,,,,,,,,,,,,4
,,,,,,,,,,,,,,,,,,,,,,,,,,,,6.842323314081703e-17,268435456
,,,,,,,,,,,,,,,,,,,,,,,,,,,,2.0299817906899442e-16,268435456
,,9.146616462302148e-16,,,,,,,,,,,,,,,,,,,,,,,,,,,4
,,,,,,,,,,,,,,,,,,,,,,,,,,,,1.6365028944258717e-16,268435456
,,,,,,,,,,,,8.291758339400979e-16,,,,,,,,,,,,,,,,,4096
,,1.5319537449392826e-15,,,,,,,,,,,,,,,,,,,,,,,,,,,4
,,5.008275767757826e-16,,,,,,,,,,,,,,,,,,,,,,,,,,,4
,,,,,,,,,,,,,,,,,,,,,,,4.747534004254107e-17,,,,,,8388608
,,,,,,,,,,,,,,,,,,,,,,,,,,,,1.162950664953426e-16,268435456
,,,,,,,,,,,,,,,,,,,,,,,,,,,,8.900123060016584e-17,268435456
,,2.621884699114064e-15,,,,,,,,,,,,,,,,,,,,,,,,,,2.545723097525894e-16,268435460
,,,,,,,,,3.947279485720578e-15,,,,,,,,,,,,,,,,,,,2.0678659081650528e-16,268435968
,,,,,4.5831233883823275e-15,,,,,,,,,,,,,,,,,,,,,,,,32
,,2.9328158831736345e-16,,,,,,,,,,,,,,,,,,,,,,,,,,,4
,,,,,,,,,,,,,,,,,,,,,,,,,,,,4.1954071942719323e-16,268435456
,,,,,,,,,,,,,,,,,,,,,,,,,,,,6.945644011840419e-17,268435456
,,,,,,,,,,,,,,,,,,,,,,,,,,,,1.7699585881428972e-16,268435456
,,7.627757509320194e-16,,,,,,,,,,,,,,,,,,,,,,,,,,,4
,,,,,,,,,,,,,,,,,,,,,,,,,,,,1.2249429452388944e-16,268435456
,,,,,,,,,,,,,,,,,,,,,,,,,,,,6.833713255935152e-17,268435456
,,,,,,,,,,1.2076941748671733e-16,,,,,,,,,,,,,,,,,,,1024
,,,,,,,,,,,,,,,,,,,,,,,,,,,,6.721783191878672e-17,268435456
,,4.0554509152717974e-16,,,,2.507291457652523e-16,,,,,,,,,,,,,,,,,,,,,,,68
,,2.7894937049110686e-15,,,,5.902602381531951e-16,,,5.4911614095828295e-15,,,,,1.84607308323756e-15,,,,,,,1.3827937188043747e-15,,,,,,,1.6642943834490053e-15,270549572
,,,,,,,,,,,,,,,,,,,,,,,,,,,,1.0226069939040302e-16,268435456
,,,,,5.287286947948999e-15,,,,,,,,,,,,,,,,,,,,,,,,32
,,6.995685667538355e-16,,,,,,,,,,,,,,,,,,,,,,,,,,4.377939873499946e-16,268435460
,,,,,4.49705900920779e-15,,,,,,,,,,,,,,,,,,,,,,,,32
,,,,4.5562160974693676e-14,,,,,,,,,,,,,,,,,,,,,,,,,16
,,,,,,,,,,,,,,,,,,,,,,,,,,,,1.7845956178071687e-16,268435456
,,,,,,,,,,,,,,8.28609528594488e-16,,,,,,,,,,,,,,,16384
,,7.904485527622537e-16,,,,,,,,,,,,,,,,,,,,,,,,,,,4
,,,,,,1.8871712729427184e-16,,,,,,,,,,,,,,,,,,,,,,,64
,,,,,,,,,,,,,,8.181119335475687e-16,,,,,,,,,,,,,,6.930817063458549e-16,268451840
,,,,,,,,,,,,,,,,,,,,,,,,,,,,1.0174409590160948e-16,268435456
,,,,,,,,,,,,,,,,,,,,,,,,,,,,9.468386205840687e-17,268435456
,,,,,,,,,,,,,,,,,,,,,,,,,,,,1.1422865254016858e-16,268435456
,,3.178097478331779e-16,,,,,,,,,,,,,,,,,,,,,,,,,,,4
,7.906955476886903e-16,,,,,,,,7.587361257812941e-15,,,,,,,,,,,,,,,,,,,9.063714164801202e-17,268435970
,,,5.3086090052238474e-15,,,,,,,,,,,,,,,,,,,,,,,,,,8
,,3.9799797524089793e-16,,,,,,,,,,,,,,,,,,,,,,,,,,,4
,,,,,,,,,,,1.1831273809168864e-16,,,,,,,,,,,,,,,,,,2048
,,2.423384838970835e-16,,,,,,,,,,,,,,,,,,,,,,,,,,1.9240782830419138e-16,268435460
,,2.1674847185353312e-15,,,,2.869539790795636e-16,,,,,,,,,,,,,,,,,,,,,,,68
,,,5.2864089219806815e-15,,,,,,,,,,,,,,,,,,,,,,,,,,8
,,,,,4.739604458815144e-15,,,,,,,,,,,,,,,,,,,,,,,,32
,,,,,,,,,4.57787923827911e-15,,,,,,,,,,,,,,,,,,,,512
,,,,,4.609203566787777e-15,,,,,,,,,,,,,,,,,,,,,,,,32
,,,,,,,,,,,,,,,,,,,,,,,,,,,,1.672665000271653e-16,268435456
1.921762966113939e-15,,,,,,,,,,,,,,,,,,,,,,,,,,,,,1
,,,,,,,,,,,,,,,,,,,,,,,,,,,,1.116456420146888e-16,268435456
,,,,,4.9221652885264174e-15,,,,,,,,,,,,,,,,,,,,,,,,32
,,,,,5.5115760631090565e-15,,,,,,,,,,,,,,,,,,,,,,,,32
,,,,,,,,,,,,,,,,,,,,,,,,,,,,3.4489164674779615e-16,268435456
,,3.2315563976768693e-16,,,,,,,,,,,,,,,,,,,,,,,,,,,4
,,,,,,,,,,,,,,,,,,,,,,,,,,,,1.5555684862179776e-16,268435456
,,,,,,,,,,,,,,,,,,,,,,,6.127148902055121e-17,,,,,,8388608
,,,,,,,,,,,,,,,,,,,,,,,,,,,,6.782052907055802e-17,268435456
,,,,,,,,,,,,,,,,,,,,,,,,,,,,1.6055066850982496e-16,268435456
,,,,,,,,,2.362082861153064e-15,,,,,,,,,,,,,,,,,,,,512
,,,5.304483400093428e-15,,,,,,,,,,,,,,,,,,,,,,,,,,8
,,,5.3047739019904425e-15,,,,,,,,,,,,,,,,,,,,,,,,,,8
,,7.876183999475997e-16,,,,,,,,,,,,,,,,,,,,,,,,,,,4
,,,,,,4.548775931675518e-16,,,,,,,,,,,,,,,,,,,,,,,64
,,,,,,,,,,,,,,,,,,,,,,,,,,,,8.857073461132571e-17,268435456
,,,,,,,,,,,,,,,,,,,,,,,,,,,,9.70946714209555e-17,268435456
,,4.75984927760207e-16,,,,,,,,,,,,,,,,,,,,,,,,,,,4
,8.06660104863944e-16,5.27871450143131e-16,,,,,,,,,,,,,,,,,,,,,,,,,,3.525545915797462e-16,268435462
,,,,,,,,,,,,,,,,,,,,,,,,,,,,7.203945064388401e-17,268435456
,,9.190641960070382e-16,,,,,,,,,,,,,,,,,,,,,,,,,,,4
,,,,,,,,,,,,,,,,,,,,,,,,,,,,7.832477925389633e-17,268435456
,,,,,,,,,,,,,,,,,,,,,,,,,,,,1.439332908794055e-16,268435456
,,,,,,,,,,,,,,,,,,,,,,,,,,,,1.1982518341694396e-16,268435456
,,,,,,,,,,,,,,,,,,,,,,,,,,,,2.3881595177380156e-16,268435456
,,,,,,,,,,,,,,,,,,,,,,,,,,,,1.2585221028255958e-16,268435456
,,,,,,,,,,,,,,,,,,,,,,,,,,,,7.238385296974634e-17,268435456
,,,,,,,1.4887443251213801e-16,,,,,,,,,,,,,,,,,,,,,,128
,,,5.611569010369795e-15,,,,,,,,,,,,,,,,,,,,,,,,,,8
,,,7.169836727361054e-15,,,,,,,,,,,,,,,,,,,,,,,,,,8
,,,6.993570218276318e-15,,,,,,,,,,,,,,,,,,,,,,,,,,8
,,,5.448726558083088e-15,,,,,,,,,,,,,,,,,,,,,,,,,,8
,,,,,,,,,,,,,,,,,,,,,,,,,,,,1.069962175340348e-16,268435456
,,,,,,,,,,,,,,,,,,,,,,,,,,,,7.290045645853986e-17,268435456
1.902593578533217e-15,,,,,,,,,,,,,,,,,,,,,,,,,,,,,1
,,2.524013140348989e-16,,,,,,,,,,,,,,,,,,,,,,,,,,,4
,,,,,,,,,,,,,,,,,,,,,,,,,,,,1.0406880468269262e-16,268435456
,,,5.258920030537884e-15,,,,,,,,,,,,,,,,,,,,,,,,,,8
,,,,,4.744820494496244e-15,,,,,,,,,,,,,,,,,,,,,,,,32
,,3.2315563976768693e-16,,,,,,,,,,,,,,,,,,,,,,,,,,,4
,,,,,,,,,,,,,,,5.530147785988376e-16,,,,,,,,,,,,,,32768
,,3.0208658679773124e-16,,,,,,,,,,,,,,,,,,,,,,,,,,,4
,,4.549159000585701e-16,,,,,,,,,,,,,,,,,,,,,,,,,,,4
1.910703576446173e-15,,,,,,,,,,,,,,,,,,,,,,,,,,,,,1
1.8310766343685113e-15,,,,,,,,,,,,,,,,,,,,,,,,,,,,,1
,,,,,4.397954750394006e-15,,,,,,,,,,,,,,,,,,,,,,,,32
,,,,,,,,,,,,,,,,,,,,,,,,,,,,8.839853344839454e-17,268435456
,,,,,,,,,,,,,,,,,,,,,,,,,,,,1.1285104323671908e-16,268435456
,,,,,,,,,,,,,,,,,,,,,,,,,,,,7.565566814695085e-17,268435456
,,,,,,,,,,,,,,,,,,,,,,,,,,,,1.601201725209857e-16,268435456
,,,,,,,,,,,,,,,,,,,,,,,,,,,,7.401976401759255e-17,268435456
,,,,,,,,,,,,,,,,,,,,,,,,,,,,9.830007956147383e-17,268435456
,,3.071567589879577e-15,,,,,,,,,,,,,,,,,,,,,,,,,,,4
,,,,,,,,,,,,,,,,,,,,,,,,,,,,1.0389660351976131e-16,268435456
,,1.3850992268075167e-15,,,,,,,,,,,,,,,,,,,,,,,,,,,4
,,,,,,,,,,,,,,,,,,,,,,,,,,,,7.78942832650562e-17,268435456
,,,5.760985014896549e-15,,,,,,,,,,,,,,,,,,,,,,,,,,8
,,,,,,,,,2.451236592763009e-15,,,,,,,,,,,,,,,,,,,,512
,,,,,,,,,,,,,,,,,,,,,,,,,,,,7.720547861333151e-17,268435456
,,,,,,,,,,,,,,,,,,,,,,,,,,,,6.687342959292438e-17,268435456
,,,,,,,,,,,,,,,,,,,,,,,,,,,,7.419196518052373e-17,268435456
,,,,,,,,,,,,,,,,,,,,,,,,,,,,1.633919946166778e-16,268435456
1.8635173369455527e-15,,,,,,,,,,,,,,,,,,,,,,,,,,,,,1
,,,,,,,,,,,,,,,,,,,,,,,,,,,,6.954254069986972e-17,268435456
,,,,,,,,,,,,,,,,,,,,,,,,,,,,8.185489617549764e-17,268435456
,,4.93909363684065e-16,,,,,,,,,,,,,,,,,,,,,,,,,,,4
,,6.825875487926222e-16,,,,,,,,,,,,,,,,,,,,,,,,,,,4
2.2306862776093095e-15,,,,,,,,,,,,,,,,,,,,,,,,,,,,,1
,,,,,,,,,,,,,,,,,,,,,,,,,,,,3.1837272300429746e-16,268435456
,,,,,,,,,,,,,,,,,,,,,,,,,,,,6.790662965202353e-17,268435456
,,,,,,,,,,1.4397885210227535e-16,,,,,,,,,,,,,,,,,,,1024
,,,,,,,,,,,,,,,,,,,,,,,,,,,,7.686107628746918e-17,268435456
,,,,,,,,,,,,,,,,,,,,,,,,,,,,1.8741400841616283e-16,268435456
,,,5.858213489326558e-15,,,,,,,,,,,,,,,,,,,,,,,,,,8
,,,5.399735744334937e-15,,,,,,,,,,,,,,,,,,,,,,,,,,8
,,,5.8339786973230435e-15,,,,,,,,,,,,,,,,,,,,,,,,,,8
,,,,,,,,,,,,,,,,,,,,,,,,,,,,8.254370082722234e-17,268435456
,,6.319588833354644e-16,,,,,,,,,,,,,,,,,,,,,,,,,,,4
,,,,,,,,,,,,,,,,,,,,,,,,,,,,9.494216380280366e-17,268435456
,,1.190760685533013e-15,,,,,,,,,,,,,,,,,,,,,,,,,,,4
,,,,,,,,,,,,,,,,,,,,,,,,,,,,1.8250628219111223e-16,268435456
,,,,,,,,,,,,,,,,,,,,,,,,,,,,1.280908254006648e-16,268435456
,,,,,,,,,,,,,,,,,,,,,,,,,,,,1.2232209336095826e-16,268435456
,,,,,,,,,,,,,,,,,,,,,,,,,,,,7.358926111026456e-17,268435456
,,3.014576583348479e-16,,,,,,,,,,,,,,,,,,,,,,,,,,,4
,,,,4.4340207476993093e-14,,,,,,,,,,,,,,,,,,,,,,,,9.993598369083214e-17,268435472
,,,,,4.424034928799454e-15,,,,,,,,,,,,,,,,,,,,,,,,32
,,,,,,,,,,,,7.276159605665913e-16,,,,,,,,,,,,,,,,,4096
,,2.4170955543420006e-16,,,,,,,,,,,,,,,,,,,,,,,,,,,4
,,,,,4.6065957585107674e-15,,,,,,,,,,,,,,,,,,,,,,,,32
,,,,,,,,,2.3512104335509182e-15,,,,,,,,,,,,,,,,,,,,512
,,,,,,,,,,,,,,,,,,,,,,,,,,,,8.52128119341678e-17,268435456
,,8.420205856454141e-16,,,,,,,4.897528085599218e-15,,,,,,,,,,,,,,,,,,,2.891846743168775e-16,268435972
,,,,,,,,,2.9992058955452512e-15,,,,,,,,,,,,,,,,,,,,512
,,,,,,,,,,,,,,,,,,,,,,,,,,,,6.833713255935152e-17,268435456
,,,,,,,,,,,,,,,,,,,,,,,,,,,,9.425335915107897e-17,268435456
,,3.225267113048035e-16,,,,,,,,,,,,,,,,,,,,,,,,,,,4
,,,,,,,,,,,,,,,,,,,,,,,,,,,,1.8181747753938704e-16,268435456
,,,,,,,,,,,,,,,,,,,,,,,,,,,,2.1686033809251572e-16,268435456
,,,,,,,,,,,,,,,,,,,,,,,,,,,,8.013289146467367e-17,268435456
,,1.2564835835627323e-15,,,,,,,,,,,,,,,,,,,,,,,,,,,4
,,8.184357935556067e-16,,,,,,,,,,,,,,,,,,,,,,,,,,,4
,,,,,,1.0013199756142279e-15,,,,,,,,,,,,,,,,,,,,,,,64
,,,,,,6.289409727195566e-16,,,,,,,,,,,,,,,,,,,,,,,64
,,,,,,,,,,,,7.258023874958043e-16,,,,,,,,,,,,,,,,,4096
,,1.9366683264135873e-15,,,,,,,,,,,,,,,,,,,,,,,,,,,4
,,3.68438388022016e-16,,,,,,,,,,,,,,,,,,,,,,,,,,,4
,,,,,,,,,,,,,,,,,,,,,,,,,,,,1.2137499388332464e-16,268435456
2.302203221774015e-15,,,,,,,,,,,,,,,,,,,,,,,,,,,,,1
,,,,,,,,,,,,,,,,,,,,,,,,,,6.115452192635245e-15,,,67108864
,,,,,,,,,,,,,,,,,,,,,,,,,,,,7.031744593306006e-17,268435456
,,,,,,,,,,,,,,,,,,,,,,,,,,,,9.90749778761763e-17,268435456
,,,,,,,,,,,,,,,,,,,,,,,,,,,,1.7510164602204673e-16,268435456
,,,,,,,,,,,,,,,,,,,,,,,,,,,,7.143674657362486e-17,268435456
,,,,,,,,,,,,,,,,,,,,,,,,,,,,7.884138274268982e-17,268435456
,,,,,,,,,,,,,,,,,,,,,,,,,,,,7.195335006241836e-17,268435456
,,,,4.4635161769541474e-14,,,,,,,,,,,,,,,,,,,,,,,,,16
,,2.8007411586513067e-16,,,,,,,,,,,,,,,,,,,,,,,,,,,4
,,,,,,,,,,,,,,,,,,,,3.780298722479661e-16,,,,,,,,,1048576
,,,,,,,,,,,,,,,,,,,,,,,,,,,,3.0709356758776923e-16,268435456
,,,,,,,,,,,,,,,,,,,,,,,,,,,,7.884138274268982e-17,268435456
,,4.118343761560139e-16,,,,,,,,,,,,,,,,,,,,,,,,,,,4
,,4.042872346014131e-16,,,,,,,,,,,,,,,,,,,,,,,,,,,4
,,,,,,,,,4.860561657024297e-15,,,,,,,,,,,,,,,,,,,3.5582639983846314e-16,268435968
,,,,,,,,,,,,,,,,,,,,,,,,,,,,1.1199004434055112e-16,268435456
,,1.3527094867739817e-15,,,,,,,,,,,,,,,,,,,,,,,,,,,4
,,2.3730708146233556e-16,,,,,,,,,,,,,,,,,,,,,,,,,,,4
,,,,,,9.215025805616692e-16,,,,,,,,,,,,,,,,,,,,,,,64
,,7.310149393613681e-16,,,,2.605528247768321e-16,,,,,,,,2.4137531288737082e-15,,,1.0109987707002143e-16,,,,1.4857199178234687e-15,,,,,,,2.5121440783089445e-16,270680132
,,,,,,,,,,,,,,,,,,,,,,,,,,,,7.048964709599122e-17,268435456
,,,,,,,,,,,,,,,,,,,,,,,,,,,,7.858308099829301e-17,268435456
,,,,,,,,,,,,,,,,,,,,,,,,,,,,7.048964709599122e-17,268435456
,,3.7149600429200735e-15,,,,,,,,,,,,,,,,,,,,,,,,,,,4
,,,,,4.400562558671013e-15,,,,,,,,,,,,,,,,,,,,,,,,32
,,5.5262703773863315e-15,,,,,,,,,,,,,,,,,,,,,,,,,,8.1338299605192e-17,268435460
,,,,,,,,,,,,,,,,,,,,,,,,,,,,7.531126582108853e-17,268435456
,,,,,,,,,,,,,,,,,,,,,,,,,,,,9.502826438426921e-17,268435456
,,,,,,,,,,,,,,,,,,,,,,,,,,,,7.703327745040035e-17,268435456
,,,,,,,,,,,,,,,,,,,,,,,,,,,,1.760487454996799e-16,268435456
,,3.1749528360173645e-16,,,,,,,,,,,,,,,,,,,,,4.747534004254107e-17,,,,,1.0587691689346996e-16,276824068
,,,,,4.351010429264165e-15,,,,,,,,,,,,,,,,,,,,,,,,32
,,,,,,,,,,,,,,,,,,,,,,,,,,,,1.410919786095293e-16,268435456
,1.1499471544287294e-14,4.8387660322411763e-14,8.96196444887692e-15,5.120841870320943e-14,,3.3668638028522086e-16,1.4106797394298902e-16,2.9566305977561177e-16,3.1532748981768354e-14,6.635929647747757e-16,,,,,,,,,,,,,7.614262323957559e-16,,,,,5.442141123238035e-16,276826078
,,,,,,,,,,,,,,,,,,,,,,,,,,,,8.633211949322049e-17,268435456
,,,,,,,,,,,,,,,,,,,,,,,,,,,,1.0656571462670681e-16,268435456
,,,,,,,,2.918818154028644e-16,,,,,,,,,,,,,,,,,,,,,256
,,,,,,2.900238618115713e-16,,,,,,,,,,,,,,,,,,,,,,,64
,,,,,4.898692918398021e-15,,,,,,,,,,,,,,,,,,,,,,,,32
,,4.725258464826675e-16,,,,,,,,,,,,,,,,,,,,,,,,,,1.8660275269362955e-15,268435460
1.875313956064474e-15,,,,,,,,,,,,,,,,,,,,,,,,,,,,,1
,,1.431954270950735e-15,,,,,,,,,,,,,,,,,,,,,,,,,,,4
,,3.385643618400117e-16,,,,,,,,,,,,,,,,,,,,,,,,,,,4
,,,,,,2.040666272916028e-16,,,,,,,,,,,,,,,,,,,,,,1.317070359852439e-16,268435520
,,,,,,,,,,,,,,,,,,,,,,,,,,,,1.3308464528869325e-16,268435456
,,,,,,,,3.175402159555905e-16,,,,,,,,,,,,,,,,,,,,,256
,,,,,,,,,,,,,,,,,,,,,,,,,,,,1.1517575201780207e-16,268435456
,,,,,,,,,,,,,,,,,,,,,,,,,,,,1.0131359299428149e-16,268435456
,,,,,4.4788030938874446e-15,,,,,,,,,,,,,,,,,,,,,,,,32
,,3.303882918225273e-16,,,,,,,,,,,,,,,,,,,,,,,,,,,4
,,,,,,,,,,,,,,,,,,,,,,,,,,,,8.004679088320816e-17,268435456
,,,5.628596247075965e-15,,,,,,,,,,,,,,,,,,,,,,,,,,8
,,,6.156523073157783e-15,,,,,,,,,,,,,,,,,,,,,,,,,,8
,,,,,,,,,,,,,,,,,,,,,,,,,,,,6.919813837400737e-17,268435456
,,2.5900506289517464e-16,,,,,,,,,,,,,,,,,,,,,,,,,,,4
,,,,,,,,,,,,,,,,,,,,,,,,,,,,6.652902726706202e-17,268435456
,,,,,,,,,,,,,,,,,,,,,1.1922706180064594e-15,,,,,,,,2097152
,,,,,,,,,,,,,,,,,,,,,,,,,,,,1.822479735282277e-16,268435456
,,,,,,,,,,,,,,,,,,,,,,,,,,,,7.315875820293668e-17,268435456
,,,,,,,,,,,,,,,,,,,,,,,,,,,,2.261591870538229e-16,268435456
,,,,,,,,,2.5838800347815353e-15,,,,,,,,,,,,,,,,,,,,512
,,,,,,,,,,2.6654930349758353e-15,,,,,,,,,,,,,,,,,,,1024
,,,5.6075581714209494e-15,,,,,,,,,,,,,,,,,,,,,,,,,,8
,,,6.091898953616878e-15,,,,,,,,,,,,,,,,,,,,,,,,,,8
,,2.3822634095852327e-15,,,,,,,,,,,,,,,,,,,,,,,,,,,4
,,,6.079461168691559e-15,,,,,,,,,,,,,,,,,,,,,,,,,,8
,,1.2181190989367598e-15,,,,,,,,,,,,,,,,,,,,,6.983088467508207e-16,,,,,,8388612
,,,,,,,,,,,,,,,,,,,,,,,,,,,,8.814023170399783e-17,268435456
,,,,,5.7802012719948645e-15,,,,,,,,,,,,,,,,,,,,,,,,32
,,4.2158274206238813e-16,,,,,,,,,,,,,,,,,,,,,,,,,,,4
,,,,,,,,,,,,,,,,,,,,,,,,,,,,1.9042752184897037e-16,268435456
,,,,,,,,,,,,,,,,,,,,,,,,,,,,2.1384682465970818e-16,268435456
,,,,,,,,,,,,,,,,,,,,,,,,,,,,8.349080722334383e-17,268435456
,,4.2221167052527127e-16,,,,,,,,,,,,,,,,,,,,,,,,,,,4
,,4.1214884038745605e-16,,,,,,,,,,,,,,,,,,,,,,,,,,,4
,,7.253545831954183e-16,,,,,,,,,,,,,,,,,,,,,,,,,,,4
,,,,,,1.9700586493984748e-16,,,,,,,,,,,,,,,,,,,,,,,64
,,,,,,,,,,,,,,,,,,,,,,,,,,,,1.6984951747113354e-16,268435456
,,,,,,,,,2.4164448244361437e-15,,,,,,,,,,,,,,,,,,,,512
,,,,,,,,3.642655060369919e-16,,,,,,,,,,,,,,,,,,,,,256
,,,,,,,,,,,,,,,,,,,,,,,,,,,,1.7837345428076363e-16,268435456
,,,,,,,,,,,,,,,,,,,,,,,,,,,,8.762362821520433e-17,268435456
,,,,,,,,,,,,,,,,,,,,,,,,,,,,8.917343176309698e-17,268435456
,,,,,,,,,,,,,,,,,,,,,,,,,,,,8.168269501256647e-17,268435456
,,1.2442195543414658e-15,,,,,,,,,,,,,,,,,,,,,,,,,,,4
,,,,,,,,,,,,,,,,,,,,,,,,,,,,8.615991833028919e-17,268435456
,,,,,,,,,,,,,,,,,,,,,,,,,,,,1.152618595177556e-16,268435456
,,,,,,2.2770486493450925e-16,,,,,,,,,,,,,,,,,,,,,,,64
,,,,,,,,,3.760274429874231e-15,,,,,,,,,,,,,,,,,,,,512
,,,,,,,,,,,,,,,,,,,,,,,,,,,,7.875528216122433e-17,268435456
,,,,,,,,,,,,,,,,,,,,,,,,,,5.3369611781745455e-15,,,67108864
,,8.945360364912233e-16,,,,,,,,,,,,,,,,,,,,,,,,,,,4
,,,,,5.073429904151141e-15,,,,,,,,,,,,,,,,,,,,,,,,32
,,,,,,,,,,,,,,,,,,,,,,,,,,,,1.0656571462670681e-16,268435456
,,,,,,,,,,,,,,,,,,,,,,,,,,,,6.704563075585553e-17,268435456
,1.322086228600863e-15,5.141681304577761e-15,,,,,,,,,,,,,,,,,,,,,1.177494976080009e-16,,,,,1.1887807010233458e-16,276824070
,,,,,,,,,,,,,,,,,,,,,,,,,,,,9.984988310936648e-17,268435456
,,,5.623656519345195e-15,,,,,,,,,,,,,,,,,,,,,,,,,,8
,,,6.2539846663940204e-15,,,,,,,,,,,,,,,,,,,,,,,,,,8
,,,,,,,,,,,,,2.5169534446281223e-16,,,,,,,,,,,,,,,,8192
,,4.262996802656943e-16,,,,,,,,,,,,,,,,,,,,,,,,,,,4
,,,,,,,,,,,,,,,,,,,,,,,,,,,,6.713173133732106e-17,268435456
,,,,,4.971717417933309e-15,,,,,,,,,,,,,,,,,,,,,,,,32
,,,,,4.452722915481997e-15,,,,,,,,,,,,,,,,,,,,,,,,32
,,4.75984927760207e-16,,,,,,,,,,,,,,,,,,,,,,,,,,,4
,,,,,,,,,,1.1591969007363107e-16,,,,,,,,,,,,,,,,,,,1024
,,,,,,,,,,,,,,,,,,,,,,,,,,5.237386513499966e-15,,,67108864
,,,5.359867646538667e-15,,,,,,,,,,,,,,,,,,,,,,,,,,8
,,,,,4.883044811354723e-15,,,,,,,,,,,,,,,,,,,,,,,,32
,,,5.667883341078015e-15,,,,,,,,,,,,,,,,,,,,,,,,,,8
,,2.495711612202426e-16,,,,,,,,,,,,,,,,,,,,,,,,,,,4
,,,,,,,,2.789175706846173e-16,,,,,,,,,,,,,,,,,,,,,256
,,2.926526598544801e-16,,,,,,,,,,,,,,,,,,,,,,,,,,,4
,,,7.05773049116679e-15,,,,,,,,,,,,,,,,,,,,,,,,,,8
,,,8.015426780118596e-15,,,,,,,,,,,,,,,,,,,,,,,,,,8
,,,7.957136319221776e-15,,,,,,,,,,,,,,,,,,,,,,,,,,8
,,,6.609132201636714e-15,,,,,,,,,,,,,,,,,,,,,,,,,,8
,,,6.001469179962447e-15,,,,,,,,,,,,,,,,,,,,,,,,,,8
,,,7.103700324281983e-15,,,,,,,,,,,,,,,,,,,,,,,,,,8
,,,6.529919626747605e-15,,,,,,,,,,,,,,,,,,,,,,,,,,8
,,,8.664234673358754e-15,,,,,,,,,,,,,,,,,,,,,,,,,,8
,,,1.05714908071829e-14,,,,,,,,,,,,,,,,,,,,,,,,,,8
,,,1.0147824275112993e-14,,,,,,,,,,,,,,,,,,,,,,,,,,8
,,,8.786278943586306e-15,,,,,,,,,,,,,,,,,,,,,,,,,,8
,,,6.5132988536011774e-15,,,,,,,,,,,,,,,,,,,,,,,,,,8
,,,,,,,,,,,,7.965315915294526e-16,,,,,,,,,,,,,,,,,4096
,,,6.398170441292896e-15,,,,,,,,,,,,,,,,,,,,,,,,,,8
,,,6.933536745997324e-15,,,,,,,,,,,,,,,,,,,,,,,,,,8
,,,7.53149365696337e-15,,,,,,,,,,,,,,,,,,,,,,,,,,8
,,,6.968928962713158e-15,,,,,,,,,,,,,,,,,,,,,,,,,6.911203779254185e-17,268435464
,,,1.0333970239659171e-14,,,,,,,,,,,,,,,,,,,,,,,,,,8
,,,9.997013144191863e-15,,,,,,,,,,,,,,,,,,,,,,,,,,8
,,,7.658069995881082e-15,,,,,,,,,,,,,,,,,,,,,,,,,,8
,,,5.7977149749160715e-15,,,,,,,,,,,,,,,,,,,,,,,,,,8
,,,6.34801642447544e-15,,,,,,,,,,,,,,,,,,,,,,,,,,8
,,,5.970900729314844e-15,,,,,,,,,,,,,,,,,,,,,,,,,,8
,,,6.067664161613367e-15,,,,,,,,,,,,,,,,,,,,,,,,,,8
,,,6.339938558968018e-15,,,,,,,,,,,,,,,,,,,,,,,,,,8
,,,7.44077457689308e-15,,,,,,,,,,,,,,,,,,,,,,,,,,8
,,,6.884486158196268e-15,,,,,,,,,,,,,,,,,,,,,,,,,,8
,,,5.9743879475603546e-15,,,,,,,,,,,,,,,,,,,,,,,,,,8
,,,6.108229224866198e-15,,,,,,,,,,,,,,,,,,,,,,,,,,8
,,,5.855597776772088e-15,,,,,,,,,,,,,,,,,,,,,,,,,,8
,,,5.608429677112083e-15,,,,,,,,,,,,,,,,,,,,,,,,,,8
,,,5.334935889078494e-15,,,,,,,,,,,,,,,,,,,,,,,,,,8
,,,,,,,,,,,,,,,,,,,,,,,,,,,,8.125219902372635e-17,268435456
,,,,,,,,,,,,,,,,,,,,,,,,,,,,7.066184825892239e-17,268435456
,,,5.86704689886258e-15,,,,,,,,,,,,,,,,,,,,,,,,,,8
,,,5.450528148037207e-15,,,,,,,,,,,,,,,,,,,,,,,,,,8
,,,,,,,,,,,,,,,,,,,,,,,,,,,,9.830007956147383e-17,268435456
,,,,,4.663972151002806e-15,,,,,,,,,,,,,,,,,,,,,,,,32
1.8841614204036735e-15,,,,,,,,,,,,,,,,,,,,,,,,,,,,,1
,8.226246620392001e-16,6.225250069288524e-16,,,,1.930149853201005e-16,,,,,,,,,,,,,,,,,,,,,,,70
,,,,,,,,,,,,,,,,,,,,,,,,,,,,8.564331484149569e-17,268435456
,,,,,,,,,,,,,,,,,,,,,,,,,,,,8.417961187506853e-17,268435456
,,,,,,,,,,,,,,,,,,,,,,,,,,,,7.488076291376066e-17,268435456
,,3.5212506827916443e-15,,,,4.622453215914896e-16,,,,,,,,,,,,,,,,,1.2042250058476665e-16,,,,,,8388676
,,,6.7297813454698866e-15,,,,,,,,,,,,,,,,,,,,,,,,,,8
,,,7.177682669543306e-15,,,,,,,,,,,,,,,,,,,,,,,,,,8
,,,5.9920547666323985e-15,,,,,,,,,,,,,,,,,,,,,,,,,,8
,,,,,,,,,,,,,,,,,,,,,,,,,,,,1.0062478834255683e-16,268435456
,,4.960236175817144e-15,,,,2.6699960564862576e-16,,,,,,,,,,,,,,,,,,,,,,,68
,,,,,,,,,,,,,,,,,,,,,1.1703713705657258e-15,,,,,,,,2097152
,,,,,,8.134420374308986e-16,,,,,,,,2.2562884245321066e-15,,,,,,,,,,,,,,,16448
,,2.4170955543420006e-16,,,,,,,,,,,,,,,,,,,,,,,,,,,4
,,,,,,,,,,1.23540698247133e-16,,,,,,,,,,,,,,,,,,,1024
,,,,4.821674283602203e-14,,,,,,,,,,,,,,,,,,,,,,,,,16
,,2.318112807444401e-15,,,,,,,,,,,,8.93210383027082e-16,,,,,,,,,,,1.2666680793944128e-16,,,2.0097444540452418e-14,302006276
,,,,,,,,,,,,,,,,,,,,,,,,,,,,7.2469953551212e-17,268435456
,,3.124638811669881e-16,,,,,,,,,,,,,,,,,,,,,,,,,,,4
,,,,,,,,,,,,,,,,,,,,,,,,,,,,8.796803054106665e-17,268435456
,,1.5335260408281742e-15,,,,,,,,,,,,,,,,,,,,,,,,,,,4
,,,,,,,,,,,,,,,,,,,,,,,,,,,,3.4480555308481813e-16,268435456
,,2.3573476030512693e-16,,,,,,,,,,,,,,,,,,,,,,,,,,,4
,,,,,,,,,,,,,,,,,,,,,,,,,,,,7.281435587707434e-17,268435456
,,,,,,,,3.65075750985693e-16,,,,,,,,,,,,,,,,,,,,,256
,,,,,,,,,,,,,,,,,,,,,,,,,,,,8.547111367856451e-17,268435456
,,2.583205573378418e-15,,,,,,,,,,,,,,,,,,,,,,,,,,,4
,,,,,5.0369176543834936e-15,,,,,,,,,,,,,,,,,,,,,,,,32
,,6.539713289997438e-16,,,,,,,,,,,,,,,,,,,,,,,,,,,4
,,2.4768437583159243e-16,,,,,,,,,,,,,,,,,,,,,,,,,,,4
,,2.5114348237745124e-16,,,,,,,,,,,,,,,,,,,,,,,,,,,4
3.4833372228180238e-15,,,,,,,,,,,,,,1.8493030026748768e-15,,,,,,,,,,,,,,,16385
1.1481429345093675e-14,,1.4394144521585412e-14,1.2199382145498642e-14,,,,,,,,,,,1.819977914276869e-14,,,,,,,,,4.085896454625612e-16,,,,,3.524250640657705e-14,276840461
,,,,,,,,,,,,,,,,,,,,,,,,,,,,7.470856175082936e-17,268435456
,,,,,,,,,,,,,,,,,,,,,,,,,,,,7.694717686893471e-17,268435456
,,,,,4.366658536307417e-15,,,,,,,,,,,,,,,,,,,,,,,,32
,,,,,,,,5.130841554539544e-16,,,,,,,,,,,,,,,,,,,,,256
,,,,,,,,,,,,,,,,,,,,,,,,,,,,6.773442848909236e-17,268435456
,,,,,5.039525881787541e-15,,,,,,,,,,,,,,,,,,,,,,,,32
1.8200174816758206e-15,,,,,,,,,,,,,,,,,,,,,,,,,,,,,1
,,7.036565764942576e-16,,,,,,,,,,,,,,,,,,,,,,,,,,,4
,,2.9328158831736345e-16,,,,,,,,,,,,,,,,,,,,,,,,,,,4
1.3241334201490963e-14,,,,,,,,,,1.1695892035878693e-16,,,,,,,,,,,,,,,,,,9.175644920706467e-17,268436481
,,,,,,,,,,,,,,,,,,,,,,,,,,,,8.710702472641068e-17,268435456
,,,,,,,,,,,,,,,,,,,,,,,,,,,,8.211319791989435e-17,268435456
,,,,,,,,,,,,,,,,,,,,,,,,,,,,1.451386990199247e-16,268435456
,,4.366769746349513e-16,,,,,,,,,,,,,,,,,,,,,,,,,,,4
,,,,,,,,,,,,,,,,,,,,,,,,,,,,1.5039082757083787e-16,268435456
,,,5.502716873615008e-15,,,,,,,,,,,,,,,,,,,,,,,,,,8
,,,,,,,,,,,,8.609132898153473e-16,,,,,,,,,,,,,,,,6.859543430374834e-17,268439552
,,,,,,,,,,,,,,,,,,,,,,,,,,,3.852853976867935e-17,,134217728
,,,,,,,,,,2.804641511999258e-16,,,,,,,,,,,,,,,,,,,1024
,,,,,,2.3998446986593323e-16,,,,,,,,,,,1.2196284866185102e-16,,,,,,,,,,,,131136
,,,,,,,,,,,,,,,,,,,,,,,,,,,,2.904761899573498e-16,268435456
,,3.8479050278866555e-16,,,,,,,,,,,,,,,,,,,,,,,,,,,4
,,,,,4.549219366018729e-15,,,,,,,,,,,,,,,,,,,,,,,,32
,,,,,,,,,,,,,,,,,,,,,,,,,,,,8.94317335074938e-17,268435456
,,,,4.678411108659057e-14,,,,,,,,,,,,,,,,,,,,,,,,,16
,1.074636050530464e-15,8.174924261295993e-16,,,,2.2279303776261797e-16,,,,,,,,,,,,,,,,,,,,,,,70
,,,,,,3.179599698142057e-16,,,,,,,,,,,,,,,,,,,,,,,64
,,,,,,,,,,1.0829868885894955e-16,,,,,,,,,,,,,,,,,,,1024
,,,,,4.491842973526692e-15,,,,,,,,,,,,,,,,,,,,,,,,32
,,,,,,,,,2.607799200778606e-15,,,,,,,,,,,,,,,,,,,,512
,,,,,,,,,4.4713296225057166e-15,,,,,,,,,,,,,,,,,,,8.917343176309698e-17,268435968
,,,,,,,,,,,,,,,,,,,,,,,,,,,,9.098154397387438e-17,268435456
,,,,,4.815236766627487e-15,,,,,,,,,,,,,,,,,,,,,,,,32
,,,,,,,,,,,,,,9.941492261888206e-16,,,,,,,,,,,,,,1.5848426839162723e-16,268451840
,,3.479982635149437e-16,,,,,,,,,,,,,,,,,,,,,,,,,,1.3764796918788106e-16,268435460
,,,,,,,,,,,,,,,,,,,,,,,,,,5.255490997986252e-15,,,67108864
,,,,,,,,,,,,,,,,,,,,,,,,,,,,7.160894773655603e-17,268435456
,,,,,,,,,,,,,,,,,,,,,,,,,,,,8.331860606041267e-17,268435456
,,,,,,,,,,,,,,,,,,,,,,,,,,,,1.2679930976019325e-16,268435456
,,,,,,,,,,,,,,,,,,,,,,,,,,,,1.3919776581728626e-16,268435456
,,,,,,,,,,,,,,,,,,,,,,,,,,,,2.1444953564845537e-16,268435456
,,1.2533389917849541e-15,,,,,,,,,,,,,,,,,,,,,,,,,,,4
,,2.559620730751969e-15,,,,,,,,,,,,,,,,,,,,,,,,,,,4
,,3.8762068087164096e-16,,,,,,,,,,,,,,,,,,,,,,,,,,,4
2.0788051619157744e-15,,,,,,,,,,,,,,,,,,,,,,,,,,,,,1
,,,5.287105887437434e-15,,,,,,,,,,,,,,,,,,,,,,,,,,8
,,,5.39345827330048e-15,,,,,,,,,,,,,,,,,,,,,,,,,,8
,,,,,,,,,,,,,,,,,,,,,,,,,,,,7.651667396160684e-17,268435456
,,,,,,,,,,,,,,,,,,,,,,,,,,,,7.651667396160684e-17,268435456
,,,,,,,,2.967434153106829e-16,,,,,,,,,,,,,,,,,,,,,256
,,,,,,,,,,,,,,,,,,,,,,,,,,,,8.237149966429115e-17,268435456
1.780941240088157e-15,,,,,,,,,,,,,,,,,,,,,,,,,,,,,1
,,7.240967262696506e-16,,,,,,,,,,,,,,,,,,,,,,,,,,,4
,,,,,,,,,,,,,,,,,,,,,,,,,,,,1.0647961404524116e-16,268435456
,,,,,,,,,,,,,,,,,,,,,,,,,,,,1.6399469176844976e-16,268435456
,,3.68438388022016e-16,,,,,,,,1.3895591964166328e-16,,,,4.0659200556067535e-15,,,,,,,,,,,,,,4.986669946688485e-16,268452868
,,9.178063390812704e-16,,,,3.824279018711316e-16,,,,,,,,,,,,,,,,,4.8165145586083206e-17,,,,,1.3403174476632691e-16,276824132
,7.690294545800524e-16,,,,,,,,,,,,,,,,,,,,,,,,,,,,2
,,,,,,,,,,,,,,,,,,,,,,,,,,,,7.281435587707434e-17,268435456
,,,,,,,,,,,,,,,,,,,,,,,,,,,,1.1061243503710165e-16,268435456
,,,,,,,,,,,,,,,,,,,,,,,,,,,,1.3230973313701524e-16,268435456
,,,,,,,,,,,,,,,,,,,,,,,,,,,,9.640586676923081e-17,268435456
,,2.520868498034574e-16,,,,,,,,,,,,,,,,,,,,,,,,,,,4
,7.599068504799074e-16,5.294437460320226e-16,,,,,,,,,,,,,,,,,,,,,,,,,,,6
,,,,,,,,,,,,,,,,,,,,,,,,,,,,8.245760024575683e-17,268435456
,,,,,,,,,,,,,,,,,,,,,,,,,,,,7.092015000331922e-17,268435456
,,,,,,,,,,,,,,,,,,,,,,,,,,,,7.78942832650562e-17,268435456
,,2.3510583184224354e-16,,,,,,,,,,,,,,,,,,,,,,,,,,1.3239584063696857e-16,268435460
,,2.4296741235996684e-16,,,,,,,,,,,,,,,,,,,,,,,,,,1.1276494957374133e-16,268435460
,,,,,,,,,,,,,,8.334546024099049e-16,,,,,,,,,,,,,,5.414588937169053e-16,268451840
,,,,,,,,,,,,,,,,,,,,,,,,,,,,2.0398644417900954e-15,268435456
,,,,,,,,,,,,,,,,,,,,,,,,,,,,1.1750047463586097e-16,268435456
,,,,,,,,,,,,,,,,,,,,,,,,,,,,1.0329389944950229e-16,268435456
,,,,,,,,,,,,,,7.276706854327507e-16,,,,,,,,,,,,,,,16384
,,1.6762925492195184e-15,,,,,,,,,,,,,,,,,,,,,6.015055631140316e-17,,,,,,8388612
,,,,,4.611811794191823e-15,,,,,,,,,,,,,,,,,,,,,,,,32
,,,,,,2.1419729704316276e-16,,,,,,,,,,,,,,,,,,,,,,8.073559553493284e-17,268435520
,,,,,,,,,,,,,,,,,,,,,,,,,,,,9.838618014293936e-17,268435456
,,,,,,,,,,,,,,,,,,,,,,,,,,,,1.5960356903219174e-16,268435456
,,,,,,,,,,,,,,,,,,,,,,,,,,,,1.1233444666641345e-16,268435456
,,,,,,,,,,,,,,,,,,,,,,,,,,,,8.495451710825887e-17,268435456
,,,,,,,,,,,,,,7.082904550575663e-16,,,,,,,,,,,,,,3.528129002426308e-16,268451840
,,,,,4.557043629103875e-15,,,,,,,,,,,,,,,,,,,,,,,,32
,,3.927537358008287e-15,,,,,,,,,,,,,,,,,,,,,,,,,,,4
2.0928137063632604e-15,,1.2643451640804576e-15,,,,,,,,,,,,,,,,,,,,,1.7560711035395926e-16,,,,,1.4531090018285598e-16,276824069
,,4.709535505937778e-16,,,,,,,,,,,,,,,,,,,,,,,,,,8.641822007468599e-17,268435460
,,,,,,,,,2.4033980860412147e-15,,,,,,,,,,,,,,,,,,,,512
,,,5.717165852204335e-15,,,,,,,,,,,,,,,,,,,,,,,,,,8
,,9.108880754529165e-16,,,,,,,,,,,,,,,,,,,,,,,,,,,4
,,,,,,,,,,,,,,,,,,,,,,,,,,,,7.135064599215933e-17,268435456
,,,5.425480428914401e-15,,,,,,,,,,,,,,,,,,,,,,,,,,8
,,,,,,,,,,4.2214560172335675e-16,,,,,,,,,,,,,,,,,,,1024
,,,,,,,,,,1.1332162131956194e-16,,,,,,,,,,,,,,,,,,,1024
,,,5.571294449013976e-15,,,,,,,,,,,,,,,,,,,,,,,,,,8
,,,,,,2.682275686085479e-16,,,,,,,,,,,,,,,,,,,,,,,64
,,,,,,,,,,,,,,,,,,,,,,,,,,,,1.613255806615034e-16,268435456
,,2.8007411586513067e-16,,,,,,,,,,,,,,,,,,,,,,,,,,,4
,,,,,,,,,,,,,,,,,,,,,,,,,,,,7.953018739441453e-17,268435456
,,6.932792821250019e-16,,,,,,,,,,,,,,,,,,,,,,,,,,,4
,,2.4391080505429213e-16,,,,,,,,,,,,,,,,,,,,,,,,,,,4
,,,,,,,,,,,,,,,,,,,,,,,,,,,,1.2886572371536725e-16,268435456
,,,5.2740297156273025e-15,,,,,,,,,,,,,,,,,,,,,,,,,,8
,,,,,,,,,,,,,,,,,,,,,,,,,,,,1.4023097279487415e-16,268435456
,,,,,,,,,,,,,,,,,,,,,,,,,,,,9.210084461443918e-17,268435456
,,,,,,,,,,,,,,,,,1.1610052629480302e-16,,,,,,,,,,,,131072
,,,,,,,,,,1.419003915319636e-16,,,,,,,,,,,,,,,,,,,1024
,,,,,,,,,,,,,,,,,,,,,,,,,,,,8.814023170399783e-17,268435456
,,,,,,,,,,,,,,6.420745760198332e-16,,,,,,,,,,,,,,,16384
,,,,,,,,,,,,,,,,,,,,,,,,,,,,6.678732901145872e-17,268435456
,,,,,,,,,,,,,,,,,,,,,,,,,,,,1.7777075712899163e-16,268435456
,,,,,5.7671613923556595e-15,,,,,,,,,,,,,,,,,,,,,,,,32
,,,,,,,,,,,,,,,,,,,,,,,,,,,,7.048964709599122e-17,268435456
,,,,,,,,,,,,,,,,,,,,,,,,,,,,8.185489617549764e-17,268435456
,,,,,,,,,2.394700143959499e-15,,,,,,,,,,,,,,,,,,,,512
,,,,,,1.1938027995650656e-15,,,,,,,,,,,,,,,,,,,,,,,64
,,3.882496093345244e-16,,,,,,,,,,,,,,,,,,,,,,,,,,,4
,,,,,,,,,,,,,,,,,,,,,,,,,,,,2.936619045530886e-16,268435456
,,,,,,,,,,,,,,,,,,,,,,,,,,,,8.374910896774067e-17,268435456
,,,,,,,,,,,,,,,,,,,,,,,,,,,,2.304642022901277e-16,268435456
,,,,,4.9560693108900554e-15,,,,,,,,,,,,,,,,,,,,,,,,32
,,,,,,,,,,,,,,,,,,,,,,,,,,,,3.6228392269291887e-16,268435456
,,,,,,,,,,,,,,,,,,,,,,,,,,,,3.619395480410066e-16,268435456
,,,,,,,,,2.375129774275637e-15,,,,,,,,,,,,,,,,,,,,512
,,2.5900506289517464e-16,,,,,,,,,,,,,,,,,,,,,,,,,,,4
,,,,,,,,,,,,,,,,,,,,,,,,,,,,8.469621536386205e-17,268435456
,,2.347913676108016e-16,,,,,,,,,,,,,,,,,,,,,,,,,,,4
,,4.572187971194378e-15,,,,1.562540823004242e-14,,,,,,,,,,,3.0669187758649138e-15,1.0356555168052153e-16,,,,,5.2045314326551524e-17,,,,,,8781892
,,,,,,,,,,,,,,,,,,,,,,,,,,,,2.9452292420472035e-16,268435456
,,3.7032517341066663e-16,,,,,,,,,,,,,,,,,,,,,,,,,,,4
,,,,,,,,,,,,,,,,,,,,,,,,,,,,8.89151300187003e-17,268435456
,,2.363636887680103e-16,,,,,,,,,,,,,,,,,,,,,,,,,,,4
,,,,,,,,,,,,,,,,,,,,,,,,,,,,7.169504831802168e-17,268435456
,,4.731547749455507e-16,,,,,,,,,,,,,,,,,,,,,,,,,,,4
,,,5.4451819567467916e-15,,,,,,,,,,,,,,,,,,,,,,,,,,8
,4.025792612658143e-15,3.4516808543196825e-16,,,,,,,3.888568551396622e-15,3.830013444883299e-16,,,,,,,,,,,,,1.2464757382915002e-16,,,,,6.9592971910896905e-15,276825606
,,,,,,,,,,6.720799981859061e-16,,,,,,,,,,,,,,,,,,,1024
,,,,,,,,,,1.0976440066516985e-15,,,,,,,,,,,,,,,,,,,1024
,,4.75984927760207e-16,,,,,,,,,,,,,,,,,,,,,,,,,,,4
,,3.819603247056902e-16,,,,,,,,,,,,,,,,,,,,,,,,,,,4
,,2.4202401966564205e-16,,,,,,,,,,,,,,,,,,,,,,,,,,,4
1.896695268973762e-15,,,,,,,,,,,,,,,,,,,,,,,,,,,,,1
,,,,,,,,,1.5756886409483165e-14,,,,,,,,,,,,,,,,,,,7.939052727689362e-16,268435968
,,,,,,,,,,,,,,,,,,,,,,,,,,,,9.089544339240882e-17,268435456
,,,,,,,,,,,,,,,,,,,,,,,,,,,,9.020663874068415e-17,268435456
,,3.586900221156425e-16,,,,,,,,,,,,,,,,,,,,,,,,,,,4
,,,,,,,,,,,,,,,,,,,,,,,,,,,,2.782499489001635e-16,268435456
,,9.423344985970855e-16,,,,,,,,,,,,,,,,,,,,,,,,,,,4
,,,,,,,,,,,,,,,,,,,,,,,,,,,,2.884097760021755e-16,268435456
,,,,,,,,,,,,,,,,,,1.128547674732403e-16,,,,,,,,,,,262144
,,,,,4.4318587727576025e-15,,,,,,,,,,,,,,,,,,,,,,,,32
,,,,,,,,,,,,,,,,,,,,,,,,,,,,7.066184825892239e-17,268435456
,,,,,,,1.708301033636341e-16,,,,,,,,,,,,,,,,,,,,,,128
,,,,,,,,,,,,,,,,,,,,,,,,,,,,1.5245724152601215e-16,268435456
,,,,,,,,,,,,,,,,,,,,,,,,,,,,8.598771716735799e-17,268435456
,,,,,,,,,,,,,,,,,,,,,,,,,,,,6.799273023348918e-17,268435456
,,,5.807768970612089e-15,,,,,,,,,,,,,,,,,,,,,,,,,,8
,,,,,,,,,,,,,,,,,,,,,,,,,,,,7.135064599215933e-17,268435456
,,4.612051846874044e-16,,,,,,,,,,,,,,,,,,,,,,,,,,,4
,,,,,4.8126285392234395e-15,,,,,,,,,,,,,,,,,,,,,,,,32
,,,,,,,,,,1.2856363070774537e-16,,,,,,,,,,,,,,,,,,,1024
,,,,,,,,,,,,,,,,,,,,,,,,,,,,1.0036648659816015e-16,268435456
,1.2662103701166815e-15,2.854902062904392e-15,,,,1.99801371499159e-13,1.715619606922214e-16,3.3536606058165578e-16,2.790455635039354e-15,,,,,,,,,7.017561372502975e-16,,,,,,,9.117979912953592e-17,,,3.3783141290459325e-16,302252998
,,8.294420669243878e-16,,,,,,,,,,,,,,,,,,,,,,,,,,,4
,,,,,,,,,,,,,,,,,,,,,,,,,,,,2.153966351260886e-16,268435456
,,,,,4.452722915481997e-15,,,,,,,,,,,,,,,,,,,,,,,,32
,,,,,,,,,,,,,,,,,,,,,,,,,,,,7.660277454307236e-17,268435456
,,,,,,,,,,,,,,,,,,,,,,,,,,,,8.021899204613933e-17,268435456
,,,,,4.989973333253653e-15,,,,,,,,,,,,,,,,,,,,,,,,32
,,,5.268799485999518e-15,,,,,,,,,,,,,,,,,,,,,,,,,,8
,,,,,,,,,,,,,,,,,,,,,,,,,,,,6.790662965202353e-17,268435456
,,,,,,,,,,,,,,1.3752942543638236e-15,,,,,,,,,,,,,,2.0868080360874827e-16,268451840
,,,,,,,,,,,,,,,,,,,,,,,,,,,,8.43518130379997e-17,268435456
,,,,,,,,,2.0736449514883332e-14,,,,,,,,,,,,,,,,,,,1.0019428543522896e-16,268435968
,,,5.567691269105833e-15,,,,,,,,,,,,,,,,,,,,,,,,,,8
,,5.590033332509036e-16,,,,,,,,,,,,,,,,,,,,,,,,,,,4
1.874576726613306e-15,,,,,,,,,,,,,,,,,,,,,,,,,,,,,1
,,,,,,,,,,,,,,,,,,,,,,,,,,,,6.893983662961069e-17,268435456
,,,6.166984727894509e-15,,,,,,,,,,,,,,,,,,,,,,,,,,8
,,,5.786440393060059e-15,,,,,,,,,,,,,,,,,,,,,,,,,,8
,,3.2126885437903665e-16,,,,,,,,,,,,,,,,,,,,,,,,,,,4
,,,,,,,,,,,,,,,,,,,,,,,,,,,,6.678732901145872e-17,268435456
,,,,,,2.2033711184277377e-16,,,,,,,,,,,,,,,,,,,,,,,64
,,,6.6295306949257604e-15,,,,,,,,,,,,,,,,,,,,,,,,,,8
,,,7.563689157330706e-15,,,,,,,,,,,,,,,,,,,,,,,,,,8
,,,6.267873765323445e-15,,,,,,,,,,,,,,,,,,,,,,,,,,8
,,,5.384392940439195e-15,,,,,,,,,,,,,,,,,,,,,,,,,,8
,,,5.560542292380237e-15,,,,,,,,,,,,,,,,,,,,,,,,,,8
,,,5.542119929279691e-15,,,,,,,,,,,,,,,,,,,,,,,,,,8
,,,5.500159739632385e-15,,,,,,,,,,,,,,,,,,,,,,,,,,8
,,,8.066626842861568e-15,,,,,,,,,,,,,,,,,,,,,,,,,,8
,,,8.770704216365394e-15,,,,,,,,,,,,,,,,,,,,,,,,,,8
,,,7.83549851255387e-15,,,,,,,,,,,,,,,,,,,,,,,,,,8
,,,5.4039773111278924e-15,,,,,,,,,,,,,,,,,,,,,,,,,,8
,,,6.8473497346170975e-15,,,,,,,,,,,,,,,,,,,,,,,,,,8
,,,8.843581937129355e-15,,,,,,,,,,,,,,,,,,,,,,,,,,8
,,,9.769138913323448e-15,,,,,,,,,,,,,,,,,,,,,,,,,,8
,,,8.146885463676195e-15,,,,,,,,,,,,,,,,,,,,,,,,,,8
,,,,,,,,,,,,,,,,,,,,,,,,,,,,7.255605413267752e-17,268435456
,,,6.7689512823283406e-15,,,,,,,,,,,,,,,,,,,,,,,,,,8
,,,7.703807905671008e-15,,,,,,,,,,,,,,,,,,,,,,,,,,8
,,,7.0934144052607984e-15,,,,,,,,,,,,,,,,,,,,,,,,,,8
,,,6.3663814044852e-15,,,,,,,,,,,,,,,,,,,,,,,,,,8
,,,7.678992109873464e-15,,,,,,,,,,,,,,,,,,,,,,,,,,8
,,,8.695326744709696e-15,,,,,,,,,,,,,,,,,,,,,,,,,,8
,,,9.406145435898503e-15,,,,,,,,,,,,,,,,,,,,,,,,,,8
,,,9.485997593153486e-15,,,,,,,,,,,,,,,,,,,,,,,,,,8
,,,8.643952141732242e-15,,,,,,,,,,,,,,,,,,,,,,,,,,8
,,,7.582577758043809e-15,,,,,,,,,,,,,,,,,,,,,,,,,,8
,,,5.962299243103992e-15,,,,,,,,,,,,,,,,,,,,,,,,,,8
,,,7.215981100710627e-15,,,,,,,,,,,,,,,,,,,,,,,,,,8
,,,6.1360671967779505e-15,,,,,,,,,,,,,,,,,,,,,,,,,,8
,,,6.094862551159053e-15,,,,,,,,,,,,,,,,,,,,,,,,,,8
,,,5.617438822363548e-15,,,,,,,,,,,,,,,,,,,,,,,,,,8
,,,8.189252116883239e-15,,,,,,,,,,,,,,,,,,,,,,,,,,8
,,,7.728333199571537e-15,,,,,,,,,,,,,,,,,,,,,,,,,,8
,,,5.735588215304883e-15,,,,,,,,,,,,,,,,,,,,,,,,,,8
,,,,,6.987711226969596e-15,,,,,,,,,,,,,,,,,,,,,,,,32
,,,,,,,,,,,,,,,,,,,,,,,,,,,,1.0828772625601863e-16,268435456
,,,5.4294326892914024e-15,,,,,,,,,,,,,,,,,,,,,,,,,,8
,,,,,,,,,,,,,,1.7685520319638562e-15,,,,,,,2.490893439702559e-15,,,,,,,2.068191277108227e-15,270548992
,,,,4.286543940005471e-14,,,,,,,,,,,,,,,,,,,,,,,,,16
,,,,,,,,,,,,,,,,,,,,,,,,,,,,9.554486095457495e-17,268435456
,,3.571177009584337e-16,,,,,,,,,,,,,,,,,,,,,,,,,,,4
,,,,,4.340578357901969e-15,,,,,,,,,,,,,,,,,,,,,,,,32
,,,,,,,,,,,,,,,,,,,,,,,,,,,,6.911203779254185e-17,268435456
,,,,,,,,,,,,,,,,,,,,,,,,,,,,1.3670085587327238e-16,268435456
,,,,,,,,,,,,,,,,,,,,,,,,,,,,1.9137462132660352e-16,268435456
,,5.10300258313521e-15,,,,,,,,,,,,,,,,,,,,,,,,,,,4
,,,,,,,,2.748662591307042e-16,,,,,,,,,,,,,,,,,,,,,256
,,2.844766151053148e-16,,,,6.200382659279156e-16,,,,,,,,,,,,,,,,,,,,,,,68
,,,,,4.603987531106676e-15,,,,,,,,,,,,,,,,,,,,,,,,32
,,,,,,,,,,2.550030788018125e-16,,,,,,,,,,,,,,,,,,,1024
,,1.2992507190388063e-15,,,,,,,,,,,,,,,,,,,,,,,,,,,4
,,,,,,,,,,,,,,,,,,,,,,,,,,,,7.961628797588017e-17,268435456
,,3.9831243947233983e-16,,,,,,,,,,,,,,,,,,,,,,,,,,,4
,,3.505139773664772e-16,,,,,,,,,,,,,,,,,,,,,,,,,,,4
,,,,,,,,,,,,,,,,,,,,,,,,,,,,1.1155954143322312e-16,268435456
,,,,,,,,,,,,,,,,,,,,,,,,,,,,8.43518130379997e-17,268435456
,,1.7259778472506682e-15,,,,5.06679047614912e-15,,,,,,,,,,,,,,,,,4.911363297184955e-17,,,,,6.825103197788588e-17,276824132
,,,,,,,,,,,,,,,,,,,,,,,,,,,,7.445026692492053e-17,268435456
,,4.1435009000754753e-16,,,,,,,,,,,,,,,,,,,,,,,,,,,4
,,,,,,,,,,,,,,,,,,,,,,,,,,,,8.641822007468599e-17,268435456
,,,,,,,,,,,,,,,5.289872836998763e-16,,,,,,,,,,,,,,32768
,,,,,,,,,,,,,,,,,,,,,,,,3.1573609271419375e-17,,,,,16777216
,,,,,,,,,,,,,,,,,,,,,,,,,,,,1.6261708246499933e-16,268435456
,,,,,,,,,,,,,,,,,,,,,,,,,,,,1.631336859537932e-16,268435456
,,2.520868498034574e-16,,,,,,,,,,,,,,,,,,,,,,,,,,,4
,,,,,,,,,,,,,,,,,,,,,,,,,,,,6.816493139642033e-17,268435456
,,,,,,,,,,,,,,,,,,,,,2.276281166719835e-15,,,,,,,,2097152
,,,,,,,,,,,,,,,,,,,,,,,,,,,,7.203945064388401e-17,268435456
,,,,,,,,,,,,,,,,,,,,,,,,,,,,8.056339437200168e-17,268435456
,,7.269269296209461e-16,,,,,,,,,,,,,,,,,,,,,,,,,,2.4449857631355407e-16,268435460
,,,,,5.404647541210125e-15,,,,,,,,,,,,,,,,,,,,,,,,32
,,,,,4.883044811354723e-15,,,,,,,,,,,,,,,,,,,,,,,,32
,,4.181938390609924e-15,,,,,,,,,,,,,,,,,,,,,,,,,,,4
,,,,,,,,,,1.0673984343121564e-16,,,,,,,,,,,,,,,,,,,1024
,,,,,,,,,,,,,,,,,,,,,,,,,,,,8.77958293781355e-17,268435456
,,,,,,,,,,,,,,,,,,,,,,,,,,,,1.0157189473867831e-16,268435456
,,,,,,,,,,,,,,,,,,,,,,,,,,,,7.126454541069369e-17,268435456
,,,,,,,,,,,,,,,,,,,,,,,,,,,,8.969003525189051e-17,268435456
,,2.797596516336892e-16,,,,,,,,,,,,,,,,,,,,,,,,,,,4
,,,,,,,,,,,,,,,,,,,,,,,,,,,,1.7897616526951078e-16,268435456
,,3.385643618400117e-16,,,,,,,,,,,,,,,,,,,,,,,,,,,4
,,,,,,,,,,,,,,,,,,,,,,,,,,,,9.597536386190283e-17,268435456
,,,,,4.984757716699552e-15,,,,,,,,,,,,,,,,,,,,,,,,32
,,,,,,,,,,,,,,,,,,,,,,,,,,,,1.2783251673778022e-16,268435456
,,,,,,,,,,,,,,,,,,,,,,,,,,,,1.2085839039453113e-16,268435456
,,5.659215463426213e-16,,,,,,,,1.1522686988352715e-16,,,,,,,,,,,,,,,,,,2.3709394014448994e-16,268436484
,,,,,,,,,,,,,,,,,,,,,,,,,,,,1.2740202074894012e-16,268435456
,,,,,,,,,,,,,,,,,,,,,,,,,,,,1.1259274841081014e-16,268435456
,,,,,,2.1757419518294884e-16,,,,,,,,,,,,,,,,,,,,,,,64
,,,,,,,,,,,,,,,,,,,,,,,,,,,,9.115374513680552e-17,268435456
,,,,,,,,,,,,,,,,,,,,,,,,,,,,1.6795530467889052e-16,268435456
,,,,,,,,,,,,,,,,,,,,,,,,,,,,2.679178791242919e-16,268435456
,,,,,,,,,,,,,,,,,,,,,,,,,,,,1.2404410499026998e-16,268435456
,,,,,,,,,,,,,,,,,,,,,,,,,,,,9.769737549121466e-17,268435456
,,2.8070304432801406e-16,,,,,,,,,,,,,,,,,,,,,,,,,,,4
,,,,,,,,,,,,,,,,,,,,,,,,,,,,1.372174593620666e-16,268435456
,,,,,,,,,,,,,,,,,,,,,,,,,,,,7.005914418866336e-17,268435456
,,,5.2538631456634225e-15,,,,,,,,,,,,,,,,,,,,,,,,,,8
,,,,,,,,,,,,,,,,,,,,,,,,,,,,3.522101892538837e-16,268435456
,,,,,,,,,,,,,,,,,,,,,,,,,,,,1.0062478834255683e-16,268435456
,,2.9831301602043054e-16,,,,8.748400867558175e-16,,,,,,,,,,9.140469064534117e-17,1.6937872026836347e-16,,,,,,,,,,,,196676
,,2.8366076008156367e-14,,,,,,,,,,,,,,,,,,,,,,,,,,6.850933372228268e-17,268435460
,,1.321892042629333e-15,,,,,,,,,,,,,,,,,,,,,,,,,,,4
,,3.8290371740001547e-16,,,,,,,,,,,,,,,,,,,,,,,,,,,4
,,,,,,2.9309376921137655e-16,,,,,,,,,,,,,,,,,,,,,,,64
,,,,,,,,,,,,,,,,,,,,,,,,,,,,1.333429401146022e-16,268435456
,,,,,,,,,,,,,,,,,,,,,,,,,,,,5.304380192893098e-16,268435456
,,,,,,,,,,,,,,,,,,,,,,,,,,,,8.331860606041267e-17,268435456
,,,,,,,,,,,,,,,,,9.385818147432852e-17,,,,,,,,,,,,131072
,,,,,,,,,,,,,,,,,,,,,,,,,,,,8.753752763373867e-17,268435456
,,,,,4.627459901235118e-15,,,,,,,,,,,,,,,,,,,,,,,,32
,,,,,,,,,,,,,,,,,,,,,,,,,,,,2.428626583472204e-16,268435456
,,,,,,,,,,,,,,,,,,,,,,,,,,,,4.181631101237442e-16,268435456
,,,,,,,,,,,,,,,,,,,,,,,,,,,,1.129371507366725e-16,268435456
,,,,,,,,,,,,,,,,,,,,,,,,,,,,7.582786930988204e-17,268435456
,,,,4.2823303072547744e-14,,,,,,,,,,,,,,,,,,,,,,,,,16
,,1.4061682545091572e-15,,,,,,,,,,,,,,,,,,,,,,,,,,,4
,,,,,,,,,,,,,,,,,,,,,,,,,,4.739514281196866e-15,,,67108864
,,,,,,,,,,,,,,,,,,,,,,,,,,,,9.82139789800082e-17,268435456
,,,,,,,,,,,,,,,,,,,,,,,,,,,,7.126454541069369e-17,268435456
,,,,,,,,,,,,,,,,,,,,,,,,,,,,8.228539908282551e-17,268435456
,,,,,,,,,,,,,,,,,,,,,,,,,,,,7.866918157975867e-17,268435456
,,,,,,,,,,,,,,,,,,,,,,,,,,,,1.4074757628366665e-16,268435456
1.850983488375464e-15,,,,,,,,,,,,,,,,,,,,,,,,,,,,,1
,,2.3510583184224354e-16,,,,,,,,,,,,,,,,,,,,,,,,,,,4
,,,,,,,,,,,,,,,,,,,,,2.652947518827515e-15,,,,,,,,2097152
,,,,,,,,,,1.6638501796852007e-15,,,,,,,,,,,,,,,,,,1.3101823133351925e-16,268436480
,,4.986263524240097e-16,,,,,,,,,,,,,,,,,,,,,,,,,,,4
,,3.5931895057852577e-16,,,,,,,,,,,,,,,,,,,,,,,,,,,4
,,,,,,,,,,,,,,,,,,,,,,,,,,,,7.264215471414318e-17,268435456
2.1009237042762177e-15,,,,,,,,,,,,,,,,,,,,,,,,,,,,,1
,,,5.602211980130533e-15,,,,,,,,,,,,,,,,,,,,,,,,,,8
,,,5.4279216012343935e-15,,,,,,,,,,,,,,,,,,,,,,,,,,8
,,,5.259850114800864e-15,,,,,,,,,,,,,,,,,,,,,,,,,,8
,,,5.362191661715064e-15,,,,,,,,,,,,,,,,,,,,,,,,,,8
,,,5.267637478411274e-15,,,,,,,,,,,,,,,,,,,,,,,,,,8
,,,6.200110312524734e-15,,,,,,,,,,,,,,,,,,,,,,,,,,8
,,,6.098523114158075e-15,,,,,,,,,,,,,,,,,,,,,,,,,,8
,,,,4.682624741409745e-14,,,,,,,,,,,,,,,,,,,,,,,,,16
,,,6.348190964709919e-15,,,,,,,,,,,,,,,,,,,,,,,,,,8
,,,6.939289400847383e-15,,,,,,,,,,,,,,,,,,,,,,,,,,8
,,,,,,,,,,,,,,,,,,,,,,,,,,,,2.228873649581308e-16,268435456
,,,,,,,,2.910715487515611e-16,,,,,,,,,,,,,,,,,,,,,256
,,,,,,,,,,,,,,,,,,,,,,,,,,,,1.0604911113791327e-16,268435456
,,,,,,,,,,,,,,,,,,,,,,,,,,,,1.0226069939040302e-16,268435456
,,,,,,,,,,,,,,,,,,,,,,,,,,,,1.6123947316155022e-16,268435456
,,,,,,,,,,,,,,7.825814571209943e-16,,,,,,,,1.3500691976038615e-16,,,,,,1.1484667615584727e-15,272646144
,,,5.577977188127018e-15,,,,,,,,,,,,,,,,,,,,,,,,,,8
,,,5.293499320134429e-15,,,,,,,,,,,,,,,,,,,,,,,,,,8
,,1.200509101976026e-15,,,,,,,,,,,,,,,3.0300523855417587e-16,,,,,,,,,,,,131076
,,,,,,,,,,1.1903738092909864e-16,,,,,,,,,,,,,,,,,,,1024
,,,,,,,,,,,,,,,,,,,,,,,,,,,,7.73776797762627e-17,268435456
4.3109577574362436e-14,,,1.7099559776448707e-14,7.23186747687263e-14,,3.259417043859023e-16,,,,3.3970016611268175e-16,,,,,,,,,,,,,,,6.149857085690737e-17,,,3.322348820278187e-16,301991001
,,3.159229624445277e-16,,,,,,,,,,,,,,,,,,,,,,,,,,,4
,,,,,,,,,,,,,,,,,,,,,,,,,,,,7.212555122534954e-17,268435456
,,3.1259696745041187e-15,,,,2.1542526000308486e-16,,,6.197867631173451e-15,1.4796256819537302e-16,,,,,,,,,,,,,,,,,,1.2033127696856615e-15,268437060
,,2.4485419774861707e-16,,,,,,,,,,,,,,,,,,,,,,,,,,,4
,,,,4.5857115267242114e-14,,,,,,,,,,,,,,,,,,,,,,,,,16
,,,,,,,,,,,,,,,,,,,,,,,,,,,,7.229775238828084e-17,268435456
,,,,,,,,,,,,,,,,,,,,,,,,,,,,8.77958293781355e-17,268435456
,,,,,,,,,2.5425648098933815e-15,,,,,,,,,,,,,,,,,,,,512
,,,,,,,,,,,,,,,,,,,,,,,,,,,,1.3187923714817509e-16,268435456
,,,,,4.919557061122369e-15,,,,,,,,,,,,,,,,,,,,,,,,32
1.9755849816002575e-15,1.2285797198327915e-15,9.01335744266559e-15,,,,5.540353801710868e-16,,,,,,,,1.0312947272205338e-15,,6.878228725526766e-17,,,,,,,,,,,,8.981729177985442e-16,268517447
,,,,,,,,,,,,,,,,,,,,,,,,,,,,2.1754914274423956e-16,268435456
,,,,,,,,,2.3512104335509182e-15,,,,,,,,,,,,,,,,,,,,512
,,,,,,,,,,,,,,,,,,,,,,,,,,,,2.2030436135113915e-16,268435456
,,,5.856005435812793e-15,,,,,,,,,,,,,,,,,,,,,,,,,,8
,,,,,,,,,,,,,,,,,,,,,,,,,,,,7.023134535159452e-17,268435456
,,,5.973399284725624e-15,,,,,,,,,,,,,,,,,,,,,,,,,,8
,,,,,,,,,,,,,,,,,,,,,,,,,,,,1.0691011695256915e-16,268435456
,,7.310149393613681e-16,,,,,,,,,,,,,,,,,,,,,,,,,,,4
,,5.869906245808928e-16,,,,,,,,,,,,,,,,,,,,,,,,,,1.9464644342229568e-16,268435460
,,2.5451555277155686e-15,,,,,,,,,,,,,,,,,,,,,,,,,,,4
,,,,,,,,,,,,,,,,,,,,,,,,,,,,9.898888421319851e-17,268435456
,,,,,,,,,,,,,,,,,,,,,,,,,,,,1.445360018681527e-16,268435456
,,9.483092431895228e-16,,,,,,,,,,,,,,,,,,,,,,,,,,,4
,,,,,,,,,,,,,,,,,,,,,,,,,,,,8.245760024575683e-17,268435456
,,4.4359518772666876e-16,,,,,,,,,,,,,,,,,,,,,,,,,,,4
,3.506945512383661e-15,3.688545148552248e-15,,,,,,,5.354168996523442e-15,,,,,,,,,,,,,,,,,,,3.561708021643244e-16,268435974
,,,,,,,,,,,,7.90184085781699e-16,,,,,,,,,,,,,,,,,4096
,,,,,,,,,,,,,,,,,,,,,,,,,,,,7.2469953551212e-17,268435456
,,,5.936902443512329e-15,,,,,,,,,,,,,,,,,,,,,,,,,,8
,,,,,,,,,,3.5563500264979173e-16,,,,,,,,,,,,,,,,,,,1024
,,,,,,,,,,,,,,,,,,,,,3.305543684815495e-15,6.966009668868158e-16,,,,,,5.991461864400203e-16,274726912
,,2.9485390947457164e-16,,,,,,,,,,,,,,,,,,,,,,,,,,4.1626888349452455e-16,268435460
,,2.426529481285254e-16,,,,,,,,,,,,,,,,,,,,,,,3.4883311628602446e-17,,,,33554436
,,,,,,,,,,,,,,,,,,,,,,,,,,,,1.133676467255126e-16,268435456
2.1046103254821814e-15,,,,,,,,,,,,,,,,,,,,,,,,,,,,,1
,,,,,,,,,,,,,,,,,,,,,,,,,,,,9.666416851362764e-17,268435456
,,,,,,,,,,1.2613877396002284e-16,,,,,,,,,,,,,,,,,,,1024
,,,,,,,,,,,,,,,,,,,2.6432113683851615e-15,,,,,,,,,,524288
,,,,,,,,,,,,,,,,,,,,,,,,,,,,8.73653264708075e-17,268435456
,,,,,,,,,,,,,,6.937552336113141e-16,,,,,,,,,,,,,,,16384
,,,,,,,,,,,,,,,,,,,,,,,,,,,,8.94317335074938e-17,268435456
,,,5.391075679552238e-15,,,,,,,,,,,,,,,,,,,,,,,,,,8
,,,,,,,,,,,,,,,,,,,,,,,,,,,,2.107472175639226e-16,268435456
,,,,,,,,,,,,,,,,,,,,,1.2667278833367173e-15,,,,,,,,2097152
,,,,,,,,,,,,,,,,,,,,,,,,,,,,1.226664956868206e-16,268435456
,,,,,,,,,,,,,,,,,,,,,,,,,,,,4.1161946593235847e-16,268435456
,,,,,,,,,,,,,,,,,,,,,,,,,,,,1.0122749241281598e-16,268435456
,,,,,,,,,,,,,,,,,,,,,,,,,,,,1.140564513772373e-16,268435456
,,,5.3513247388997555e-15,,,,,,,,,,,,,,,,,,,,,,,,,,8
,,,5.245029736127497e-15,,,,,,,,,,,,,,,,,,,,,,,,,,8
,,,,,,,,,2.790455635039354e-15,,,,,,,,,,,,,,,,,,,,512
,,,,,,,,,,,,,,,,,,,,,,,,,,,,1.1112903852589514e-16,268435456
,,,6.02738960025745e-15,,,,,,,,,,,,,,,,,,,,,,,,,,8
,,,,,,,,,,,,,,,,,,,,,,,,,,,,2.1229701419332638e-16,268435456
,,3.7818677919670903e-16,,,,,,,3.042695605953829e-15,,,,,,,,,,,,,,,,,,,,516
,,3.954822613893644e-16,,,,,,,,,,,,,,,,,,,,,,,,,,,4
,,,,,,,,,,,,,,,,,,,,,,,,,,,,1.0053868776109131e-16,268435456
1.789788704427345e-15,,,,,,,,,,,,,,,,,,,,,,,,,,,,,1
,,6.523990331108575e-16,,,,,,,,,,,,,,,,,,,,,,,,,,,4
,,,,,,,,,,,,,,,,,,,,,,,,,,,,9.528656612866604e-17,268435456
,,,6.241664038612396e-15,,,,,,,,,,,,,,,,,,,,,,,,,,8
,,,,,,,,,,,,,,,,,,,,,,,,,,,,1.1018193212977364e-16,268435456
,,,7.211389257967655e-15,,,,,,,,,,,,,,,,,,,,,,,,,,8
,,,6.20307510554806e-15,,,,,,,,,,,,,,,,,,,,,,,,,,8
,,,5.612265975826552e-15,,,,,,,,,,,,,,,,,,,,,,,,,,8
,,,,,,,,,,,,,,,,,,,,,,,,,,,,6.713173133732106e-17,268435456
,,,,,,,,2.7351581471186596e-16,,,,,,,,,,,,,,,,,,,,,256
,,,,,,,,,,2.877387631960178e-16,,,,,,,,,,,,,,,,,,,1024
,,,,,,,,,2.5034240705256622e-15,,,,,,,,,,,,,,,,,,,,512
,,,,,,,,,,,,,,,,,,,,,,,,,,,,7.556956756548533e-17,268435456
,,,,,,,,,,,,,,,,,,,,,,,,,,,,6.980084244426651e-17,268435456
,,,,,,,,,,,,,,,,,,,,,,,,,,,,7.574176872841652e-17,268435456
,,,,,,,,,,,,,,,,,,,,,,,,,,,,1.73379634392735e-16,268435456
,,5.382487445123869e-16,,,,,,,,,,,,,,,,,,,,,,,,,,,4
,,8.681210410501206e-16,,,,,,,,,,,,,,,,,,,,,,,,,,,4
,,,,,,,,,,,,,,,,,,,,,,,,,,,,6.850933372228268e-17,268435456
,,,,,,,,,,,,,,,,,,,,,,,,,,,,8.572941542296133e-17,268435456
,,,,,,,,,,,,,,,,,,,,,,,,,,,,1.3540935406977644e-16,268435456
,,,,,,,,,,,,,,,,,,,,,,,,,,,,1.449664978569934e-16,268435456
,,2.844766151053148e-16,,,,,,,,,,,,,,,,,,,,,,,,,,,4
,,2.536591709606656e-16,,,,,,,,,,,,,,,,,,,,,,,,,,,4
,,,,,,,,,2.3860022018777837e-15,,,,,,,,,,,,,,,,,,,,512
,,4.505134008183866e-16,,,,,,,,,,,,,,,,,,,,,,,,,,,4
,,,,,,,,,,,,,,,,,,,,,,,,,,,3.1811630840763776e-17,,134217728
,,,,,,,,5.360416888716066e-16,,5.981215959863673e-16,,,,,,,,,,,,,,,,,,,1280
1.8458224082671653e-15,,,,,,,,,,,,,,,,,,,,,,,,,,,,,1
,,,5.5327055159496425e-15,,,,,,,,,,,,,,,,,,,,,,,,,,8
,,,5.640161330828992e-15,,,,,,,,,,,,,,,,,,,,,,,,,,8
,,,,,,,,,,,,,,,,,,,,,,,,,,,,1.867252037644376e-16,268435456
,,2.564893490436411e-16,,,,,,,,,,,,,,,,,,,,,,,,,,,4
,,,,,,,,,,,,,,,,,,,,,,,,,,,,1.255078079566971e-16,268435456
,,,,,,,,,,,,,,,,,,,,,,,,,,,,7.401976401759255e-17,268435456
,,,,,,,,,,,,,,,,,,,,,,,,,,,,8.994833699628732e-17,268435456
,,4.376203925975957e-16,,,,,,,,,,,,,,,,,,,,,,,,,,,4
,,,,,4.5413955220605804e-15,,,,,,,,,,,,,,,,,,,,,,,,32
,,,,,,,,,,,,,,,,,,,,,,,,,,,,3.1277619212752174e-16,268435456
,,2.9831301602043054e-16,,,,,,,,,,,,,,,,,,,,,,,,,,,4
,,,,,,,,,,,,,,,,,,,,,,,,,,,,6.911203779254185e-17,268435456
,,,,,,,,,,,,,,,,,,,,,,,,,,,,7.798038384652186e-17,268435456
2.0168731485164865e-15,,,,,,,,,,,,,,,,,,,,,,,,,,,,,1
,,,,,,,,,,,,,,,,,,,,,,,,,,,,8.702092414494516e-17,268435456
,,,,,,,,,,,,,,,,,,,,,,,,,,,,1.4746340780100695e-16,268435456
,,,,,5.0421336900645926e-15,,,,,,,,,,,,,,,,,,,,,,,,32
,,,,,,,,,,,,8.101333166968327e-16,,,,,,,,,,,,,,,,,4096
